#
# There is insufficient memory for the Java Runtime Environment to continue.
# Native memory allocation (malloc) failed to allocate 1064992 bytes. Error detail: Chunk::new
# Possible reasons:
#   The system is out of physical RAM or swap space
#   This process is running with CompressedOops enabled, and the Java Heap may be blocking the growth of the native heap
# Possible solutions:
#   Reduce memory load on the system
#   Increase physical memory or swap space
#   Check if swap backing store is full
#   Decrease Java heap size (-Xmx/-Xms)
#   Decrease number of Java threads
#   Decrease Java thread stack sizes (-Xss)
#   Set larger code cache with -XX:ReservedCodeCacheSize=
#   JVM is running with Unscaled Compressed Oops mode in which the Java heap is
#     placed in the first 4GB address space. The Java Heap base address is the
#     maximum limit for the native heap growth. Please use -XX:HeapBaseMinAddress
#     to set the Java Heap base and to place the Java Heap above 4GB virtual address.
# This output file may be truncated or incomplete.
#
#  Out of Memory Error (arena.cpp:168), pid=17576, tid=6768
#
# JRE version: OpenJDK Runtime Environment Temurin-21.0.9+10 (21.0.9+10) (build 21.0.9+10-LTS)
# Java VM: OpenJDK 64-Bit Server VM Temurin-21.0.9+10 (21.0.9+10-LTS, mixed mode, sharing, tiered, compressed oops, compressed class ptrs, g1 gc, windows-amd64)
# No core dump will be written. Minidumps are not enabled by default on client versions of Windows
#

---------------  S U M M A R Y ------------

Command Line: --add-opens=java.base/java.lang=ALL-UNNAMED --add-opens=java.base/java.lang.invoke=ALL-UNNAMED --add-opens=java.base/java.util=ALL-UNNAMED --add-opens=java.prefs/java.util.prefs=ALL-UNNAMED --add-exports=jdk.compiler/com.sun.tools.javac.api=ALL-UNNAMED --add-exports=jdk.compiler/com.sun.tools.javac.util=ALL-UNNAMED --add-opens=java.base/java.util=ALL-UNNAMED --add-opens=java.prefs/java.util.prefs=ALL-UNNAMED --add-opens=java.base/java.nio.charset=ALL-UNNAMED --add-opens=java.base/java.net=ALL-UNNAMED --add-opens=java.base/java.util.concurrent.atomic=ALL-UNNAMED --add-opens=java.xml/javax.xml.namespace=ALL-UNNAMED -Xmx1536m -Dfile.encoding=UTF-8 -Duser.country=IN -Duser.language=en -Duser.variant -javaagent:C:\Users\vicky\.gradle\wrapper\dists\gradle-8.14.3-all\10utluxaxniiv4wxiphsi49nj\gradle-8.14.3\lib\agents\gradle-instrumentation-agent-8.14.3.jar org.gradle.launcher.daemon.bootstrap.GradleDaemon 8.14.3

Host: Intel(R) Core(TM) i7-9750HF CPU @ 2.60GHz, 12 cores, 15G,  Windows 11 , 64 bit Build 26100 (10.0.26100.7623)
Time: Fri Jan 30 01:18:57 2026 India Standard Time elapsed time: 33.501294 seconds (0d 0h 0m 33s)

---------------  T H R E A D  ---------------

Current thread (0x000001c662cdd1f0):  JavaThread "C2 CompilerThread1" daemon [_thread_in_native, id=6768, stack(0x00000060d7c00000,0x00000060d7d00000) (1024K)]


Current CompileTask:
C2:33501 27194       4       java.lang.invoke.MethodHandleNatives::findMethodHandleType (7 bytes)

Stack: [0x00000060d7c00000,0x00000060d7d00000]
Native frames: (J=compiled Java code, j=interpreted, Vv=VM code, C=native code)
V  [jvm.dll+0x6d6e29]
V  [jvm.dll+0x8b4b76]
V  [jvm.dll+0x8b712e]
V  [jvm.dll+0x8b7813]
V  [jvm.dll+0x283d86]
V  [jvm.dll+0xc66ed]
V  [jvm.dll+0xc6c31]
V  [jvm.dll+0x3be53b]
V  [jvm.dll+0x1e3d59]
V  [jvm.dll+0x24c0f3]
V  [jvm.dll+0x24b580]
V  [jvm.dll+0x1cb13e]
V  [jvm.dll+0x25b29d]
V  [jvm.dll+0x25982a]
V  [jvm.dll+0x3f7ea6]
V  [jvm.dll+0x85e9ad]
V  [jvm.dll+0x6d565d]
C  [ucrtbase.dll+0x37b0]
C  [KERNEL32.DLL+0x2e8d7]
C  [ntdll.dll+0x8c53c]


---------------  P R O C E S S  ---------------

Threads class SMR info:
_java_thread_list=0x000001c66dc15800, length=232, elements={
0x000001c67a4cec60, 0x000001c67f8f21b0, 0x000001c67f8f2e00, 0x000001c67f8f9870,
0x000001c67f8ffcf0, 0x000001c67f8fd590, 0x000001c67f8fdc20, 0x000001c67f902c70,
0x000001c67f91dd50, 0x000001c67f8fe2b0, 0x000001c67f900a10, 0x000001c67f8fe940,
0x000001c67f900380, 0x000001c67f8fefd0, 0x000001c67f8ff660, 0x000001c6609773a0,
0x000001c660975960, 0x000001c660976d10, 0x000001c660977a30, 0x000001c660975ff0,
0x000001c660978750, 0x000001c660976680, 0x000001c6609752d0, 0x000001c660978de0,
0x000001c66097a190, 0x000001c66097b540, 0x000001c66097a820, 0x000001c6609780c0,
0x000001c660979b00, 0x000001c66097c8f0, 0x000001c66097bbd0, 0x000001c66097c260,
0x000001c662309cb0, 0x000001c66230bd80, 0x000001c66230a9d0, 0x000001c66230b060,
0x000001c662308900, 0x000001c66230c410, 0x000001c662308f90, 0x000001c66230b6f0,
0x000001c66230caa0, 0x000001c662309620, 0x000001c66230d130, 0x000001c66230f200,
0x000001c66230f890, 0x000001c66230eb70, 0x000001c66230de50, 0x000001c66230e4e0,
0x000001c66230ff20, 0x000001c66130c640, 0x000001c66130b920, 0x000001c66130f430,
0x000001c66130e710, 0x000001c66130ccd0, 0x000001c66130d9f0, 0x000001c66130e080,
0x000001c66130eda0, 0x000001c66130bfb0, 0x000001c661310150, 0x000001c661312220,
0x000001c6613128b0, 0x000001c661310e70, 0x000001c661311500, 0x000001c661a45ef0,
0x000001c661a451d0, 0x000001c661a44b40, 0x000001c661a472a0, 0x000001c661a46580,
0x000001c661a47930, 0x000001c661a444b0, 0x000001c661a45860, 0x000001c661a48ce0,
0x000001c661a47fc0, 0x000001c661a46c10, 0x000001c661a4bad0, 0x000001c661a4b440,
0x000001c661a49a00, 0x000001c661a49370, 0x000001c661a48650, 0x000001c661a4a090,
0x000001c661a4a720, 0x000001c661a4adb0, 0x000001c6625ee360, 0x000001c6625ef710,
0x000001c6625ee9f0, 0x000001c6625ecfb0, 0x000001c6625ec290, 0x000001c6625ef080,
0x000001c6625efda0, 0x000001c6625ec920, 0x000001c6625ed640, 0x000001c6625f0ac0,
0x000001c6625f17e0, 0x000001c66352c210, 0x000001c6625f2b90, 0x000001c6625f38b0,
0x000001c66352d5c0, 0x000001c66352dc50, 0x000001c66352a7d0, 0x000001c66352b4f0,
0x000001c66352e2e0, 0x000001c66352ae60, 0x000001c66352e970, 0x000001c66352bb80,
0x000001c6635303b0, 0x000001c664593260, 0x000001c664592540, 0x000001c66458fde0,
0x000001c6645938f0, 0x000001c664591eb0, 0x000001c664590b00, 0x000001c664591190,
0x000001c664590470, 0x000001c664593f80, 0x000001c664594610, 0x000001c664594ca0,
0x000001c6645959c0, 0x000001c664596050, 0x000001c6645966e0, 0x000001c6643f1480,
0x000001c6643f4900, 0x000001c6643f21a0, 0x000001c6643f1b10, 0x000001c6643f2ec0,
0x000001c6643f2830, 0x000001c6643f3550, 0x000001c6643f3be0, 0x000001c66644b2e0,
0x000001c666449210, 0x000001c666449f30, 0x000001c6664498a0, 0x000001c666447e60,
0x000001c66644a5c0, 0x000001c66644ac50, 0x000001c6664484f0, 0x000001c66644c000,
0x000001c66644b970, 0x000001c666448b80, 0x000001c66644cd20, 0x000001c66644c690,
0x000001c66644d3b0, 0x000001c66644da40, 0x000001c66644f480, 0x000001c66644e0d0,
0x000001c66644e760, 0x000001c66644edf0, 0x000001c6654b9aa0, 0x000001c6654b9410,
0x000001c6654b8060, 0x000001c6654bfd10, 0x000001c6654c10c0, 0x000001c6654bdc40,
0x000001c6654c1750, 0x000001c6654be2d0, 0x000001c6654c5260, 0x000001c6654c1de0,
0x000001c6654c2b00, 0x000001c6654c58f0, 0x000001c6654c2470, 0x000001c6654c4540,
0x000001c6654c3820, 0x000001c6626c5900, 0x000001c6626c2480, 0x000001c6626c6620,
0x000001c6626c7340, 0x000001c6626c6cb0, 0x000001c6626c79d0, 0x000001c6626c2b10,
0x000001c6626c5270, 0x000001c6626c1df0, 0x000001c6626c4be0, 0x000001c6626c3830,
0x000001c6626c3ec0, 0x000001c6626c4550, 0x000001c6626c8060, 0x000001c6626c86f0,
0x000001c6626c8d80, 0x000001c6626c9410, 0x000001c6626c5f90, 0x000001c6626cae50,
0x000001c662cdd1f0, 0x000001c662cded30, 0x000001c6654bc890, 0x000001c6654bc200,
0x000001c6654c7330, 0x000001c6654c6ca0, 0x000001c6654c3eb0, 0x000001c6654c6610,
0x000001c6626c31a0, 0x000001c6626cbb70, 0x000001c6626cc200, 0x000001c6626cc890,
0x000001c6626ccf20, 0x000001c6626c9aa0, 0x000001c6626ca130, 0x000001c66c48d710,
0x000001c66c483300, 0x000001c66c482c70, 0x000001c66c483990, 0x000001c66c484020,
0x000001c66c486e10, 0x000001c66c487b30, 0x000001c66c489c00, 0x000001c66c4874a0,
0x000001c66c488ee0, 0x000001c662deb1d0, 0x000001c662dedfc0, 0x000001c662de9e20,
0x000001c662debef0, 0x000001c662deab40, 0x000001c662df0db0, 0x000001c662df1ad0,
0x000001c662df1440, 0x000001c662df0720, 0x000001c662dee650, 0x000001c662df2160,
0x000001c662deece0, 0x000001c662df27f0, 0x000001c662def370, 0x000001c662df3ba0,
0x000001c6643f4270, 0x000001c66130d360, 0x000001c66c48afb0, 0x000001c66c48b640,
0x000001c66c48bcd0, 0x000001c66c489570, 0x000001c66c48dda0, 0x000001c66c48fe70,
0x000001c66c48e430, 0x000001c66c48f7e0, 0x000001c66c48f150, 0x000001c66dc3b480
}

Java Threads: ( => current thread )
  0x000001c67a4cec60 JavaThread "main"                              [_thread_blocked, id=21072, stack(0x00000060d6c00000,0x00000060d6d00000) (1024K)]
  0x000001c67f8f21b0 JavaThread "Reference Handler"          daemon [_thread_blocked, id=29728, stack(0x00000060d7400000,0x00000060d7500000) (1024K)]
  0x000001c67f8f2e00 JavaThread "Finalizer"                  daemon [_thread_blocked, id=14820, stack(0x00000060d7500000,0x00000060d7600000) (1024K)]
  0x000001c67f8f9870 JavaThread "Signal Dispatcher"          daemon [_thread_blocked, id=13016, stack(0x00000060d7600000,0x00000060d7700000) (1024K)]
  0x000001c67f8ffcf0 JavaThread "Attach Listener"            daemon [_thread_blocked, id=13360, stack(0x00000060d7700000,0x00000060d7800000) (1024K)]
  0x000001c67f8fd590 JavaThread "Service Thread"             daemon [_thread_blocked, id=25896, stack(0x00000060d7800000,0x00000060d7900000) (1024K)]
  0x000001c67f8fdc20 JavaThread "Monitor Deflation Thread"   daemon [_thread_blocked, id=36200, stack(0x00000060d7900000,0x00000060d7a00000) (1024K)]
  0x000001c67f902c70 JavaThread "C2 CompilerThread0"         daemon [_thread_in_native, id=11496, stack(0x00000060d7a00000,0x00000060d7b00000) (1024K)]
  0x000001c67f91dd50 JavaThread "C1 CompilerThread0"         daemon [_thread_blocked, id=18704, stack(0x00000060d7b00000,0x00000060d7c00000) (1024K)]
  0x000001c67f8fe2b0 JavaThread "Common-Cleaner"             daemon [_thread_blocked, id=15132, stack(0x00000060d7d00000,0x00000060d7e00000) (1024K)]
  0x000001c67f900a10 JavaThread "Notification Thread"        daemon [_thread_blocked, id=35424, stack(0x00000060d7e00000,0x00000060d7f00000) (1024K)]
  0x000001c67f8fe940 JavaThread "Daemon health stats"               [_thread_blocked, id=33736, stack(0x00000060d8500000,0x00000060d8600000) (1024K)]
  0x000001c67f900380 JavaThread "Incoming local TCP Connector on port 58502"        [_thread_in_native, id=34404, stack(0x00000060d8900000,0x00000060d8a00000) (1024K)]
  0x000001c67f8fefd0 JavaThread "Daemon periodic checks"            [_thread_blocked, id=42220, stack(0x00000060d8a00000,0x00000060d8b00000) (1024K)]
  0x000001c67f8ff660 JavaThread "Daemon"                            [_thread_blocked, id=6160, stack(0x00000060d8b00000,0x00000060d8c00000) (1024K)]
  0x000001c6609773a0 JavaThread "Handler for socket connection from /127.0.0.1:58502 to /127.0.0.1:58503"        [_thread_in_native, id=19488, stack(0x00000060d8c00000,0x00000060d8d00000) (1024K)]
  0x000001c660975960 JavaThread "Cancel handler"                    [_thread_blocked, id=21544, stack(0x00000060d8d00000,0x00000060d8e00000) (1024K)]
  0x000001c660976d10 JavaThread "Daemon worker"                     [_thread_blocked, id=21096, stack(0x00000060d8e00000,0x00000060d8f00000) (1024K)]
  0x000001c660977a30 JavaThread "Asynchronous log dispatcher for DefaultDaemonConnection: socket connection from /127.0.0.1:58502 to /127.0.0.1:58503"        [_thread_blocked, id=15176, stack(0x00000060d8f00000,0x00000060d9000000) (1024K)]
  0x000001c660975ff0 JavaThread "Stdin handler"                     [_thread_blocked, id=17528, stack(0x00000060d9000000,0x00000060d9100000) (1024K)]
  0x000001c660978750 JavaThread "Daemon client event forwarder"        [_thread_blocked, id=21344, stack(0x00000060d9100000,0x00000060d9200000) (1024K)]
  0x000001c660976680 JavaThread "Cache worker for journal cache (C:\Users\vicky\.gradle\caches\journal-1)"        [_thread_blocked, id=33612, stack(0x00000060d7f00000,0x00000060d8000000) (1024K)]
  0x000001c6609752d0 JavaThread "File lock request listener"        [_thread_in_native, id=29664, stack(0x00000060d9200000,0x00000060d9300000) (1024K)]
  0x000001c660978de0 JavaThread "Cache worker for file hash cache (C:\Users\vicky\.gradle\caches\8.14.3\fileHashes)"        [_thread_blocked, id=7212, stack(0x00000060d9300000,0x00000060d9400000) (1024K)]
  0x000001c66097a190 JavaThread "Cache worker for file hash cache (C:\Users\vicky\Mock Projects\habitTracker\android\.gradle\8.14.3\fileHashes)"        [_thread_blocked, id=15460, stack(0x00000060d9800000,0x00000060d9900000) (1024K)]
  0x000001c66097b540 JavaThread "Cache worker for Build Output Cleanup Cache (C:\Users\vicky\Mock Projects\habitTracker\android\.gradle\buildOutputCleanup)"        [_thread_blocked, id=37876, stack(0x00000060d9900000,0x00000060d9a00000) (1024K)]
  0x000001c66097a820 JavaThread "File watcher server"        daemon [_thread_in_native, id=15112, stack(0x00000060d9a00000,0x00000060d9b00000) (1024K)]
  0x000001c6609780c0 JavaThread "File watcher consumer"      daemon [_thread_blocked, id=40912, stack(0x00000060d9b00000,0x00000060d9c00000) (1024K)]
  0x000001c660979b00 JavaThread "jar transforms"                    [_thread_blocked, id=4424, stack(0x00000060d9700000,0x00000060d9800000) (1024K)]
  0x000001c66097c8f0 JavaThread "jar transforms Thread 2"           [_thread_blocked, id=25536, stack(0x00000060d9c00000,0x00000060d9d00000) (1024K)]
  0x000001c66097bbd0 JavaThread "Cache worker for checksums cache (C:\Users\vicky\Mock Projects\habitTracker\android\.gradle\8.14.3\checksums)"        [_thread_blocked, id=5388, stack(0x00000060d9e00000,0x00000060d9f00000) (1024K)]
  0x000001c66097c260 JavaThread "Cache worker for file content cache (C:\Users\vicky\.gradle\caches\8.14.3\fileContent)"        [_thread_blocked, id=37788, stack(0x00000060d9f00000,0x00000060da000000) (1024K)]
  0x000001c662309cb0 JavaThread "jar transforms Thread 3"           [_thread_blocked, id=33116, stack(0x00000060da000000,0x00000060da100000) (1024K)]
  0x000001c66230bd80 JavaThread "Cache worker for cache directory md-supplier (C:\Users\vicky\.gradle\caches\8.14.3\md-supplier)"        [_thread_blocked, id=14948, stack(0x00000060da100000,0x00000060da200000) (1024K)]
  0x000001c66230a9d0 JavaThread "Cache worker for cache directory md-rule (C:\Users\vicky\.gradle\caches\8.14.3\md-rule)"        [_thread_blocked, id=35672, stack(0x00000060da200000,0x00000060da300000) (1024K)]
  0x000001c66230b060 JavaThread "Unconstrained build operations"        [_thread_blocked, id=12400, stack(0x00000060da300000,0x00000060da400000) (1024K)]
  0x000001c662308900 JavaThread "Unconstrained build operations Thread 2"        [_thread_blocked, id=27212, stack(0x00000060da400000,0x00000060da500000) (1024K)]
  0x000001c66230c410 JavaThread "Unconstrained build operations Thread 3"        [_thread_blocked, id=38652, stack(0x00000060da500000,0x00000060da600000) (1024K)]
  0x000001c662308f90 JavaThread "Unconstrained build operations Thread 4"        [_thread_blocked, id=14960, stack(0x00000060da600000,0x00000060da700000) (1024K)]
  0x000001c66230b6f0 JavaThread "Unconstrained build operations Thread 5"        [_thread_blocked, id=32168, stack(0x00000060da700000,0x00000060da800000) (1024K)]
  0x000001c66230caa0 JavaThread "Unconstrained build operations Thread 6"        [_thread_blocked, id=38940, stack(0x00000060da800000,0x00000060da900000) (1024K)]
  0x000001c662309620 JavaThread "Unconstrained build operations Thread 7"        [_thread_blocked, id=33060, stack(0x00000060da900000,0x00000060daa00000) (1024K)]
  0x000001c66230d130 JavaThread "Unconstrained build operations Thread 8"        [_thread_blocked, id=34100, stack(0x00000060daa00000,0x00000060dab00000) (1024K)]
  0x000001c66230f200 JavaThread "Unconstrained build operations Thread 9"        [_thread_blocked, id=17868, stack(0x00000060dab00000,0x00000060dac00000) (1024K)]
  0x000001c66230f890 JavaThread "Unconstrained build operations Thread 10"        [_thread_blocked, id=18172, stack(0x00000060dac00000,0x00000060dad00000) (1024K)]
  0x000001c66230eb70 JavaThread "jar transforms Thread 4"           [_thread_blocked, id=6240, stack(0x00000060dad00000,0x00000060dae00000) (1024K)]
  0x000001c66230de50 JavaThread "jar transforms Thread 5"           [_thread_blocked, id=38588, stack(0x00000060dae00000,0x00000060daf00000) (1024K)]
  0x000001c66230e4e0 JavaThread "Unconstrained build operations Thread 11"        [_thread_blocked, id=10688, stack(0x00000060daf00000,0x00000060db000000) (1024K)]
  0x000001c66230ff20 JavaThread "Unconstrained build operations Thread 12"        [_thread_blocked, id=2084, stack(0x00000060db000000,0x00000060db100000) (1024K)]
  0x000001c66130c640 JavaThread "Unconstrained build operations Thread 13"        [_thread_blocked, id=36428, stack(0x00000060db100000,0x00000060db200000) (1024K)]
  0x000001c66130b920 JavaThread "Unconstrained build operations Thread 14"        [_thread_blocked, id=41544, stack(0x00000060db200000,0x00000060db300000) (1024K)]
  0x000001c66130f430 JavaThread "Unconstrained build operations Thread 15"        [_thread_blocked, id=11480, stack(0x00000060db300000,0x00000060db400000) (1024K)]
  0x000001c66130e710 JavaThread "jar transforms Thread 6"           [_thread_blocked, id=14884, stack(0x00000060db400000,0x00000060db500000) (1024K)]
  0x000001c66130ccd0 JavaThread "jar transforms Thread 7"           [_thread_blocked, id=33828, stack(0x00000060db500000,0x00000060db600000) (1024K)]
  0x000001c66130d9f0 JavaThread "jar transforms Thread 8"           [_thread_blocked, id=41532, stack(0x00000060db600000,0x00000060db700000) (1024K)]
  0x000001c66130e080 JavaThread "jar transforms Thread 9"           [_thread_blocked, id=20160, stack(0x00000060db700000,0x00000060db800000) (1024K)]
  0x000001c66130eda0 JavaThread "jar transforms Thread 10"          [_thread_blocked, id=20828, stack(0x00000060db800000,0x00000060db900000) (1024K)]
  0x000001c66130bfb0 JavaThread "jar transforms Thread 11"          [_thread_blocked, id=24408, stack(0x00000060db900000,0x00000060dba00000) (1024K)]
  0x000001c661310150 JavaThread "jar transforms Thread 12"          [_thread_blocked, id=18388, stack(0x00000060dba00000,0x00000060dbb00000) (1024K)]
  0x000001c661312220 JavaThread "Unconstrained build operations Thread 16"        [_thread_blocked, id=29312, stack(0x00000060dbb00000,0x00000060dbc00000) (1024K)]
  0x000001c6613128b0 JavaThread "Unconstrained build operations Thread 17"        [_thread_blocked, id=8168, stack(0x00000060dbc00000,0x00000060dbd00000) (1024K)]
  0x000001c661310e70 JavaThread "Unconstrained build operations Thread 18"        [_thread_blocked, id=8492, stack(0x00000060dbd00000,0x00000060dbe00000) (1024K)]
  0x000001c661311500 JavaThread "Unconstrained build operations Thread 19"        [_thread_blocked, id=20244, stack(0x00000060dbe00000,0x00000060dbf00000) (1024K)]
  0x000001c661a45ef0 JavaThread "Unconstrained build operations Thread 20"        [_thread_blocked, id=36456, stack(0x00000060dbf00000,0x00000060dc000000) (1024K)]
  0x000001c661a451d0 JavaThread "Unconstrained build operations Thread 21"        [_thread_blocked, id=41792, stack(0x00000060dc000000,0x00000060dc100000) (1024K)]
  0x000001c661a44b40 JavaThread "Unconstrained build operations Thread 22"        [_thread_blocked, id=36376, stack(0x00000060dc100000,0x00000060dc200000) (1024K)]
  0x000001c661a472a0 JavaThread "Unconstrained build operations Thread 23"        [_thread_blocked, id=7480, stack(0x00000060dc200000,0x00000060dc300000) (1024K)]
  0x000001c661a46580 JavaThread "Unconstrained build operations Thread 24"        [_thread_blocked, id=36824, stack(0x00000060dc300000,0x00000060dc400000) (1024K)]
  0x000001c661a47930 JavaThread "Unconstrained build operations Thread 25"        [_thread_blocked, id=16164, stack(0x00000060dc400000,0x00000060dc500000) (1024K)]
  0x000001c661a444b0 JavaThread "Unconstrained build operations Thread 26"        [_thread_blocked, id=41596, stack(0x00000060dc500000,0x00000060dc600000) (1024K)]
  0x000001c661a45860 JavaThread "Unconstrained build operations Thread 27"        [_thread_blocked, id=39740, stack(0x00000060dc600000,0x00000060dc700000) (1024K)]
  0x000001c661a48ce0 JavaThread "Unconstrained build operations Thread 28"        [_thread_blocked, id=34352, stack(0x00000060dc700000,0x00000060dc800000) (1024K)]
  0x000001c661a47fc0 JavaThread "Unconstrained build operations Thread 29"        [_thread_blocked, id=23904, stack(0x00000060dc800000,0x00000060dc900000) (1024K)]
  0x000001c661a46c10 JavaThread "Unconstrained build operations Thread 30"        [_thread_blocked, id=12436, stack(0x00000060dc900000,0x00000060dca00000) (1024K)]
  0x000001c661a4bad0 JavaThread "Unconstrained build operations Thread 31"        [_thread_blocked, id=23276, stack(0x00000060dca00000,0x00000060dcb00000) (1024K)]
  0x000001c661a4b440 JavaThread "Unconstrained build operations Thread 32"        [_thread_blocked, id=19052, stack(0x00000060dcb00000,0x00000060dcc00000) (1024K)]
  0x000001c661a49a00 JavaThread "Unconstrained build operations Thread 33"        [_thread_blocked, id=28944, stack(0x00000060dcc00000,0x00000060dcd00000) (1024K)]
  0x000001c661a49370 JavaThread "Unconstrained build operations Thread 34"        [_thread_blocked, id=19700, stack(0x00000060dcd00000,0x00000060dce00000) (1024K)]
  0x000001c661a48650 JavaThread "Unconstrained build operations Thread 35"        [_thread_blocked, id=41504, stack(0x00000060dce00000,0x00000060dcf00000) (1024K)]
  0x000001c661a4a090 JavaThread "Unconstrained build operations Thread 36"        [_thread_blocked, id=14268, stack(0x00000060dcf00000,0x00000060dd000000) (1024K)]
  0x000001c661a4a720 JavaThread "Unconstrained build operations Thread 37"        [_thread_blocked, id=37476, stack(0x00000060dd000000,0x00000060dd100000) (1024K)]
  0x000001c661a4adb0 JavaThread "Unconstrained build operations Thread 38"        [_thread_blocked, id=38840, stack(0x00000060dd100000,0x00000060dd200000) (1024K)]
  0x000001c6625ee360 JavaThread "Unconstrained build operations Thread 39"        [_thread_blocked, id=31740, stack(0x00000060dd200000,0x00000060dd300000) (1024K)]
  0x000001c6625ef710 JavaThread "Unconstrained build operations Thread 40"        [_thread_blocked, id=26920, stack(0x00000060dd300000,0x00000060dd400000) (1024K)]
  0x000001c6625ee9f0 JavaThread "Unconstrained build operations Thread 41"        [_thread_blocked, id=13092, stack(0x00000060dd400000,0x00000060dd500000) (1024K)]
  0x000001c6625ecfb0 JavaThread "Unconstrained build operations Thread 42"        [_thread_blocked, id=41600, stack(0x00000060dd500000,0x00000060dd600000) (1024K)]
  0x000001c6625ec290 JavaThread "Unconstrained build operations Thread 43"        [_thread_blocked, id=7128, stack(0x00000060dd600000,0x00000060dd700000) (1024K)]
  0x000001c6625ef080 JavaThread "Unconstrained build operations Thread 44"        [_thread_blocked, id=36660, stack(0x00000060dd700000,0x00000060dd800000) (1024K)]
  0x000001c6625efda0 JavaThread "Unconstrained build operations Thread 45"        [_thread_blocked, id=2652, stack(0x00000060dd800000,0x00000060dd900000) (1024K)]
  0x000001c6625ec920 JavaThread "Unconstrained build operations Thread 46"        [_thread_blocked, id=37332, stack(0x00000060dd900000,0x00000060dda00000) (1024K)]
  0x000001c6625ed640 JavaThread "Unconstrained build operations Thread 47"        [_thread_blocked, id=28920, stack(0x00000060dda00000,0x00000060ddb00000) (1024K)]
  0x000001c6625f0ac0 JavaThread "Unconstrained build operations Thread 48"        [_thread_blocked, id=27168, stack(0x00000060ddb00000,0x00000060ddc00000) (1024K)]
  0x000001c6625f17e0 JavaThread "build event listener"              [_thread_blocked, id=40308, stack(0x00000060d9d00000,0x00000060d9e00000) (1024K)]
  0x000001c66352c210 JavaThread "Memory manager"                    [_thread_blocked, id=15964, stack(0x00000060ddc00000,0x00000060ddd00000) (1024K)]
  0x000001c6625f2b90 JavaThread "Unconstrained build operations Thread 49"        [_thread_blocked, id=15828, stack(0x00000060ddd00000,0x00000060dde00000) (1024K)]
  0x000001c6625f38b0 JavaThread "Unconstrained build operations Thread 50"        [_thread_blocked, id=38164, stack(0x00000060dde00000,0x00000060ddf00000) (1024K)]
  0x000001c66352d5c0 JavaThread "Unconstrained build operations Thread 51"        [_thread_blocked, id=26796, stack(0x00000060ddf00000,0x00000060de000000) (1024K)]
  0x000001c66352dc50 JavaThread "Unconstrained build operations Thread 52"        [_thread_blocked, id=5004, stack(0x00000060de000000,0x00000060de100000) (1024K)]
  0x000001c66352a7d0 JavaThread "Unconstrained build operations Thread 53"        [_thread_blocked, id=39612, stack(0x00000060de100000,0x00000060de200000) (1024K)]
  0x000001c66352b4f0 JavaThread "Unconstrained build operations Thread 54"        [_thread_blocked, id=41912, stack(0x00000060de200000,0x00000060de300000) (1024K)]
  0x000001c66352e2e0 JavaThread "Unconstrained build operations Thread 55"        [_thread_blocked, id=7156, stack(0x00000060de300000,0x00000060de400000) (1024K)]
  0x000001c66352ae60 JavaThread "Unconstrained build operations Thread 56"        [_thread_blocked, id=38832, stack(0x00000060de400000,0x00000060de500000) (1024K)]
  0x000001c66352e970 JavaThread "Unconstrained build operations Thread 57"        [_thread_blocked, id=18824, stack(0x00000060de500000,0x00000060de600000) (1024K)]
  0x000001c66352bb80 JavaThread "Unconstrained build operations Thread 58"        [_thread_blocked, id=40336, stack(0x00000060de600000,0x00000060de700000) (1024K)]
  0x000001c6635303b0 JavaThread "Unconstrained build operations Thread 59"        [_thread_blocked, id=14740, stack(0x00000060de700000,0x00000060de800000) (1024K)]
  0x000001c664593260 JavaThread "Unconstrained build operations Thread 60"        [_thread_blocked, id=34400, stack(0x00000060de800000,0x00000060de900000) (1024K)]
  0x000001c664592540 JavaThread "Unconstrained build operations Thread 61"        [_thread_blocked, id=33424, stack(0x00000060de900000,0x00000060dea00000) (1024K)]
  0x000001c66458fde0 JavaThread "Unconstrained build operations Thread 62"        [_thread_blocked, id=11280, stack(0x00000060dea00000,0x00000060deb00000) (1024K)]
  0x000001c6645938f0 JavaThread "Unconstrained build operations Thread 63"        [_thread_blocked, id=18116, stack(0x00000060deb00000,0x00000060dec00000) (1024K)]
  0x000001c664591eb0 JavaThread "Unconstrained build operations Thread 64"        [_thread_blocked, id=39160, stack(0x00000060dec00000,0x00000060ded00000) (1024K)]
  0x000001c664590b00 JavaThread "Unconstrained build operations Thread 65"        [_thread_blocked, id=39548, stack(0x00000060ded00000,0x00000060dee00000) (1024K)]
  0x000001c664591190 JavaThread "Unconstrained build operations Thread 66"        [_thread_blocked, id=20300, stack(0x00000060dee00000,0x00000060def00000) (1024K)]
  0x000001c664590470 JavaThread "Unconstrained build operations Thread 67"        [_thread_blocked, id=40196, stack(0x00000060def00000,0x00000060df000000) (1024K)]
  0x000001c664593f80 JavaThread "Unconstrained build operations Thread 68"        [_thread_blocked, id=21920, stack(0x00000060df000000,0x00000060df100000) (1024K)]
  0x000001c664594610 JavaThread "Unconstrained build operations Thread 69"        [_thread_blocked, id=30596, stack(0x00000060df100000,0x00000060df200000) (1024K)]
  0x000001c664594ca0 JavaThread "Unconstrained build operations Thread 70"        [_thread_blocked, id=29956, stack(0x00000060df200000,0x00000060df300000) (1024K)]
  0x000001c6645959c0 JavaThread "Unconstrained build operations Thread 71"        [_thread_blocked, id=24928, stack(0x00000060df300000,0x00000060df400000) (1024K)]
  0x000001c664596050 JavaThread "Unconstrained build operations Thread 72"        [_thread_blocked, id=16772, stack(0x00000060df400000,0x00000060df500000) (1024K)]
  0x000001c6645966e0 JavaThread "Unconstrained build operations Thread 73"        [_thread_blocked, id=19004, stack(0x00000060df500000,0x00000060df600000) (1024K)]
  0x000001c6643f1480 JavaThread "Unconstrained build operations Thread 74"        [_thread_blocked, id=24632, stack(0x00000060df600000,0x00000060df700000) (1024K)]
  0x000001c6643f4900 JavaThread "Unconstrained build operations Thread 75"        [_thread_blocked, id=34616, stack(0x00000060df700000,0x00000060df800000) (1024K)]
  0x000001c6643f21a0 JavaThread "Unconstrained build operations Thread 76"        [_thread_blocked, id=2972, stack(0x00000060df800000,0x00000060df900000) (1024K)]
  0x000001c6643f1b10 JavaThread "Unconstrained build operations Thread 77"        [_thread_blocked, id=11644, stack(0x00000060df900000,0x00000060dfa00000) (1024K)]
  0x000001c6643f2ec0 JavaThread "Unconstrained build operations Thread 78"        [_thread_blocked, id=42156, stack(0x00000060dfa00000,0x00000060dfb00000) (1024K)]
  0x000001c6643f2830 JavaThread "Unconstrained build operations Thread 79"        [_thread_blocked, id=20816, stack(0x00000060dfb00000,0x00000060dfc00000) (1024K)]
  0x000001c6643f3550 JavaThread "Unconstrained build operations Thread 80"        [_thread_blocked, id=19600, stack(0x00000060dfc00000,0x00000060dfd00000) (1024K)]
  0x000001c6643f3be0 JavaThread "Unconstrained build operations Thread 81"        [_thread_blocked, id=29920, stack(0x00000060dfd00000,0x00000060dfe00000) (1024K)]
  0x000001c66644b2e0 JavaThread "Unconstrained build operations Thread 82"        [_thread_blocked, id=33580, stack(0x00000060dfe00000,0x00000060dff00000) (1024K)]
  0x000001c666449210 JavaThread "Unconstrained build operations Thread 83"        [_thread_blocked, id=19696, stack(0x00000060dff00000,0x00000060e0000000) (1024K)]
  0x000001c666449f30 JavaThread "Unconstrained build operations Thread 84"        [_thread_blocked, id=36464, stack(0x00000060e0000000,0x00000060e0100000) (1024K)]
  0x000001c6664498a0 JavaThread "Unconstrained build operations Thread 85"        [_thread_blocked, id=3364, stack(0x00000060e0100000,0x00000060e0200000) (1024K)]
  0x000001c666447e60 JavaThread "Unconstrained build operations Thread 86"        [_thread_blocked, id=13880, stack(0x00000060e0200000,0x00000060e0300000) (1024K)]
  0x000001c66644a5c0 JavaThread "Unconstrained build operations Thread 87"        [_thread_blocked, id=20492, stack(0x00000060e0300000,0x00000060e0400000) (1024K)]
  0x000001c66644ac50 JavaThread "Unconstrained build operations Thread 88"        [_thread_blocked, id=6252, stack(0x00000060e0400000,0x00000060e0500000) (1024K)]
  0x000001c6664484f0 JavaThread "Unconstrained build operations Thread 89"        [_thread_blocked, id=35704, stack(0x00000060e0500000,0x00000060e0600000) (1024K)]
  0x000001c66644c000 JavaThread "Unconstrained build operations Thread 90"        [_thread_blocked, id=35268, stack(0x00000060e0600000,0x00000060e0700000) (1024K)]
  0x000001c66644b970 JavaThread "Unconstrained build operations Thread 91"        [_thread_blocked, id=26180, stack(0x00000060e0700000,0x00000060e0800000) (1024K)]
  0x000001c666448b80 JavaThread "Unconstrained build operations Thread 92"        [_thread_blocked, id=37120, stack(0x00000060e0800000,0x00000060e0900000) (1024K)]
  0x000001c66644cd20 JavaThread "Unconstrained build operations Thread 93"        [_thread_blocked, id=36716, stack(0x00000060e0900000,0x00000060e0a00000) (1024K)]
  0x000001c66644c690 JavaThread "Unconstrained build operations Thread 94"        [_thread_blocked, id=31068, stack(0x00000060e0a00000,0x00000060e0b00000) (1024K)]
  0x000001c66644d3b0 JavaThread "Unconstrained build operations Thread 95"        [_thread_blocked, id=26468, stack(0x00000060e0b00000,0x00000060e0c00000) (1024K)]
  0x000001c66644da40 JavaThread "Unconstrained build operations Thread 96"        [_thread_blocked, id=24152, stack(0x00000060e0c00000,0x00000060e0d00000) (1024K)]
  0x000001c66644f480 JavaThread "Unconstrained build operations Thread 97"        [_thread_blocked, id=26104, stack(0x00000060e0d00000,0x00000060e0e00000) (1024K)]
  0x000001c66644e0d0 JavaThread "Unconstrained build operations Thread 98"        [_thread_blocked, id=15416, stack(0x00000060e0e00000,0x00000060e0f00000) (1024K)]
  0x000001c66644e760 JavaThread "Unconstrained build operations Thread 99"        [_thread_blocked, id=34560, stack(0x00000060e0f00000,0x00000060e1000000) (1024K)]
  0x000001c66644edf0 JavaThread "Unconstrained build operations Thread 100"        [_thread_blocked, id=20660, stack(0x00000060e1000000,0x00000060e1100000) (1024K)]
  0x000001c6654b9aa0 JavaThread "Unconstrained build operations Thread 101"        [_thread_blocked, id=26932, stack(0x00000060e1100000,0x00000060e1200000) (1024K)]
  0x000001c6654b9410 JavaThread "Unconstrained build operations Thread 102"        [_thread_blocked, id=24380, stack(0x00000060e1200000,0x00000060e1300000) (1024K)]
  0x000001c6654b8060 JavaThread "Unconstrained build operations Thread 103"        [_thread_blocked, id=41364, stack(0x00000060e1300000,0x00000060e1400000) (1024K)]
  0x000001c6654bfd10 JavaThread "build event listener"              [_thread_blocked, id=42948, stack(0x00000060e1400000,0x00000060e1500000) (1024K)]
  0x000001c6654c10c0 JavaThread "Unconstrained build operations Thread 104"        [_thread_blocked, id=3144, stack(0x00000060e1600000,0x00000060e1700000) (1024K)]
  0x000001c6654bdc40 JavaThread "Unconstrained build operations Thread 105"        [_thread_blocked, id=26272, stack(0x00000060e1700000,0x00000060e1800000) (1024K)]
  0x000001c6654c1750 JavaThread "Unconstrained build operations Thread 106"        [_thread_blocked, id=34508, stack(0x00000060e1800000,0x00000060e1900000) (1024K)]
  0x000001c6654be2d0 JavaThread "Unconstrained build operations Thread 107"        [_thread_blocked, id=37652, stack(0x00000060e1900000,0x00000060e1a00000) (1024K)]
  0x000001c6654c5260 JavaThread "Unconstrained build operations Thread 108"        [_thread_blocked, id=7324, stack(0x00000060e1a00000,0x00000060e1b00000) (1024K)]
  0x000001c6654c1de0 JavaThread "Unconstrained build operations Thread 109"        [_thread_blocked, id=40484, stack(0x00000060e1b00000,0x00000060e1c00000) (1024K)]
  0x000001c6654c2b00 JavaThread "Unconstrained build operations Thread 110"        [_thread_blocked, id=41716, stack(0x00000060e1c00000,0x00000060e1d00000) (1024K)]
  0x000001c6654c58f0 JavaThread "Unconstrained build operations Thread 111"        [_thread_blocked, id=42008, stack(0x00000060e1d00000,0x00000060e1e00000) (1024K)]
  0x000001c6654c2470 JavaThread "Unconstrained build operations Thread 112"        [_thread_blocked, id=32152, stack(0x00000060e1e00000,0x00000060e1f00000) (1024K)]
  0x000001c6654c4540 JavaThread "Unconstrained build operations Thread 113"        [_thread_blocked, id=15972, stack(0x00000060e1f00000,0x00000060e2000000) (1024K)]
  0x000001c6654c3820 JavaThread "Unconstrained build operations Thread 114"        [_thread_blocked, id=34348, stack(0x00000060e2000000,0x00000060e2100000) (1024K)]
  0x000001c6626c5900 JavaThread "Unconstrained build operations Thread 115"        [_thread_blocked, id=34188, stack(0x00000060e2100000,0x00000060e2200000) (1024K)]
  0x000001c6626c2480 JavaThread "Unconstrained build operations Thread 116"        [_thread_blocked, id=19760, stack(0x00000060e2200000,0x00000060e2300000) (1024K)]
  0x000001c6626c6620 JavaThread "Unconstrained build operations Thread 117"        [_thread_blocked, id=21840, stack(0x00000060e2300000,0x00000060e2400000) (1024K)]
  0x000001c6626c7340 JavaThread "Unconstrained build operations Thread 118"        [_thread_blocked, id=26820, stack(0x00000060e2400000,0x00000060e2500000) (1024K)]
  0x000001c6626c6cb0 JavaThread "Unconstrained build operations Thread 119"        [_thread_blocked, id=17584, stack(0x00000060e2500000,0x00000060e2600000) (1024K)]
  0x000001c6626c79d0 JavaThread "Unconstrained build operations Thread 120"        [_thread_blocked, id=28388, stack(0x00000060e2600000,0x00000060e2700000) (1024K)]
  0x000001c6626c2b10 JavaThread "ForkJoinPool.commonPool-worker-1" daemon [_thread_blocked, id=33040, stack(0x00000060e2700000,0x00000060e2800000) (1024K)]
  0x000001c6626c5270 JavaThread "ForkJoinPool.commonPool-worker-2" daemon [_thread_blocked, id=20472, stack(0x00000060e2800000,0x00000060e2900000) (1024K)]
  0x000001c6626c1df0 JavaThread "ForkJoinPool.commonPool-worker-3" daemon [_thread_blocked, id=25912, stack(0x00000060e2900000,0x00000060e2a00000) (1024K)]
  0x000001c6626c4be0 JavaThread "ForkJoinPool.commonPool-worker-5" daemon [_thread_blocked, id=20824, stack(0x00000060e2a00000,0x00000060e2b00000) (1024K)]
  0x000001c6626c3830 JavaThread "ForkJoinPool.commonPool-worker-4" daemon [_thread_blocked, id=38908, stack(0x00000060e2b00000,0x00000060e2c00000) (1024K)]
  0x000001c6626c3ec0 JavaThread "ForkJoinPool.commonPool-worker-6" daemon [_thread_blocked, id=41804, stack(0x00000060e2c00000,0x00000060e2d00000) (1024K)]
  0x000001c6626c4550 JavaThread "ForkJoinPool.commonPool-worker-7" daemon [_thread_blocked, id=32488, stack(0x00000060e2d00000,0x00000060e2e00000) (1024K)]
  0x000001c6626c8060 JavaThread "ForkJoinPool.commonPool-worker-8" daemon [_thread_blocked, id=31024, stack(0x00000060e2e00000,0x00000060e2f00000) (1024K)]
  0x000001c6626c86f0 JavaThread "ForkJoinPool.commonPool-worker-9" daemon [_thread_blocked, id=17516, stack(0x00000060e2f00000,0x00000060e3000000) (1024K)]
  0x000001c6626c8d80 JavaThread "ForkJoinPool.commonPool-worker-10" daemon [_thread_blocked, id=37892, stack(0x00000060e3000000,0x00000060e3100000) (1024K)]
  0x000001c6626c9410 JavaThread "Exec process"                      [_thread_blocked, id=42020, stack(0x00000060e3100000,0x00000060e3200000) (1024K)]
  0x000001c6626c5f90 JavaThread "Exec process Thread 2"             [_thread_blocked, id=4724, stack(0x00000060e3200000,0x00000060e3300000) (1024K)]
  0x000001c6626cae50 JavaThread "Exec process Thread 3"             [_thread_blocked, id=13740, stack(0x00000060e3300000,0x00000060e3400000) (1024K)]
=>0x000001c662cdd1f0 JavaThread "C2 CompilerThread1"         daemon [_thread_in_native, id=6768, stack(0x00000060d7c00000,0x00000060d7d00000) (1024K)]
  0x000001c662cded30 JavaThread "C2 CompilerThread2"         daemon [_thread_in_native, id=2732, stack(0x00000060e1500000,0x00000060e1600000) (1024K)]
  0x000001c6654bc890 JavaThread "included builds"                   [_thread_blocked, id=19168, stack(0x00000060e3400000,0x00000060e3500000) (1024K)]
  0x000001c6654bc200 JavaThread "Execution worker"                  [_thread_blocked, id=40784, stack(0x00000060e3500000,0x00000060e3600000) (1024K)]
  0x000001c6654c7330 JavaThread "Execution worker Thread 2"         [_thread_blocked, id=26108, stack(0x00000060e3600000,0x00000060e3700000) (1024K)]
  0x000001c6654c6ca0 JavaThread "Execution worker Thread 3"         [_thread_blocked, id=33280, stack(0x00000060e3700000,0x00000060e3800000) (1024K)]
  0x000001c6654c3eb0 JavaThread "Execution worker Thread 4"         [_thread_blocked, id=28060, stack(0x00000060e3800000,0x00000060e3900000) (1024K)]
  0x000001c6654c6610 JavaThread "Execution worker Thread 5"         [_thread_blocked, id=18708, stack(0x00000060e3900000,0x00000060e3a00000) (1024K)]
  0x000001c6626c31a0 JavaThread "Execution worker Thread 6"         [_thread_blocked, id=39084, stack(0x00000060e3a00000,0x00000060e3b00000) (1024K)]
  0x000001c6626cbb70 JavaThread "Execution worker Thread 7"         [_thread_blocked, id=39180, stack(0x00000060e3b00000,0x00000060e3c00000) (1024K)]
  0x000001c6626cc200 JavaThread "Execution worker Thread 8"         [_thread_blocked, id=24232, stack(0x00000060e3c00000,0x00000060e3d00000) (1024K)]
  0x000001c6626cc890 JavaThread "Execution worker Thread 9"         [_thread_blocked, id=37544, stack(0x00000060e3d00000,0x00000060e3e00000) (1024K)]
  0x000001c6626ccf20 JavaThread "Execution worker Thread 10"        [_thread_blocked, id=28380, stack(0x00000060e3e00000,0x00000060e3f00000) (1024K)]
  0x000001c6626c9aa0 JavaThread "Execution worker Thread 11"        [_thread_blocked, id=7340, stack(0x00000060e3f00000,0x00000060e4000000) (1024K)]
  0x000001c6626ca130 JavaThread "Cache worker for execution history cache (C:\Users\vicky\Mock Projects\habitTracker\android\.gradle\8.14.3\executionHistory)"        [_thread_blocked, id=34752, stack(0x00000060e4000000,0x00000060e4100000) (1024K)]
  0x000001c66c48d710 JavaThread "WorkerExecutor Queue"              [_thread_blocked, id=11420, stack(0x00000060e4100000,0x00000060e4200000) (1024K)]
  0x000001c66c483300 JavaThread "WorkerExecutor Queue Thread 2"        [_thread_in_vm, id=28924, stack(0x00000060e4200000,0x00000060e4300000) (1024K)]
  0x000001c66c482c70 JavaThread "WorkerExecutor Queue Thread 3"        [_thread_blocked, id=29632, stack(0x00000060e4300000,0x00000060e4400000) (1024K)]
  0x000001c66c483990 JavaThread "pool-3-thread-1"                   [_thread_blocked, id=29100, stack(0x00000060e4400000,0x00000060e4500000) (1024K)]
  0x000001c66c484020 JavaThread "stderr"                            [_thread_in_native, id=40496, stack(0x00000060e4500000,0x00000060e4600000) (1024K)]
  0x000001c66c486e10 JavaThread "stdout"                            [_thread_in_native, id=42900, stack(0x00000060e4600000,0x00000060e4700000) (1024K)]
  0x000001c66c487b30 JavaThread "WorkerExecutor Queue Thread 4"        [_thread_blocked, id=28376, stack(0x00000060e4700000,0x00000060e4800000) (1024K)]
  0x000001c66c489c00 JavaThread "WorkerExecutor Queue Thread 5"        [_thread_blocked, id=16852, stack(0x00000060e4800000,0x00000060e4900000) (1024K)]
  0x000001c66c4874a0 JavaThread "WorkerExecutor Queue Thread 6"        [_thread_in_native, id=18520, stack(0x00000060e4900000,0x00000060e4a00000) (1024K)]
  0x000001c66c488ee0 JavaThread "WorkerExecutor Queue Thread 7"        [_thread_blocked, id=2272, stack(0x00000060e4a00000,0x00000060e4b00000) (1024K)]
  0x000001c662deb1d0 JavaThread "ForkJoinPool-1-worker-1"    daemon [_thread_blocked, id=30248, stack(0x00000060e4c00000,0x00000060e4d00000) (1024K)]
  0x000001c662dedfc0 JavaThread "ForkJoinPool-1-worker-2"    daemon [_thread_blocked, id=37804, stack(0x00000060e4d00000,0x00000060e4e00000) (1024K)]
  0x000001c662de9e20 JavaThread "ForkJoinPool-1-worker-3"    daemon [_thread_blocked, id=26760, stack(0x00000060e4e00000,0x00000060e4f00000) (1024K)]
  0x000001c662debef0 JavaThread "ForkJoinPool-1-worker-4"    daemon [_thread_blocked, id=27700, stack(0x00000060e4f00000,0x00000060e5000000) (1024K)]
  0x000001c662deab40 JavaThread "ForkJoinPool-1-worker-5"    daemon [_thread_blocked, id=2184, stack(0x00000060e5000000,0x00000060e5100000) (1024K)]
  0x000001c662df0db0 JavaThread "ForkJoinPool-1-worker-6"    daemon [_thread_blocked, id=17288, stack(0x00000060e5100000,0x00000060e5200000) (1024K)]
  0x000001c662df1ad0 JavaThread "ForkJoinPool-1-worker-7"    daemon [_thread_blocked, id=25104, stack(0x00000060e5200000,0x00000060e5300000) (1024K)]
  0x000001c662df1440 JavaThread "ForkJoinPool-1-worker-8"    daemon [_thread_blocked, id=27368, stack(0x00000060e5300000,0x00000060e5400000) (1024K)]
  0x000001c662df0720 JavaThread "ForkJoinPool-1-worker-9"    daemon [_thread_blocked, id=23388, stack(0x00000060e5400000,0x00000060e5500000) (1024K)]
  0x000001c662dee650 JavaThread "ForkJoinPool-1-worker-10"   daemon [_thread_blocked, id=40952, stack(0x00000060e5500000,0x00000060e5600000) (1024K)]
  0x000001c662df2160 JavaThread "ForkJoinPool-1-worker-11"   daemon [_thread_blocked, id=27484, stack(0x00000060e5600000,0x00000060e5700000) (1024K)]
  0x000001c662deece0 JavaThread "ForkJoinPool-1-worker-12"   daemon [_thread_blocked, id=28916, stack(0x00000060e5700000,0x00000060e5800000) (1024K)]
  0x000001c662df27f0 JavaThread "RMI Scheduler(0)"           daemon [_thread_blocked, id=7048, stack(0x00000060e4b00000,0x00000060e4c00000) (1024K)]
  0x000001c662def370 JavaThread "RMI RenewClean-[127.0.0.1:17439,org.jetbrains.kotlin.daemon.common.LoopbackNetworkInterface$ClientLoopbackSocketFactory@798ee6f7]" daemon [_thread_blocked, id=4120, stack(0x00000060e5800000,0x00000060e5900000) (1024K)]
  0x000001c662df3ba0 JavaThread "RMI GC Daemon"              daemon [_thread_blocked, id=9204, stack(0x00000060e5900000,0x00000060e5a00000) (1024K)]
  0x000001c6643f4270 JavaThread "RMI TCP Accept-0"           daemon [_thread_in_native, id=31628, stack(0x00000060e5a00000,0x00000060e5b00000) (1024K)]
  0x000001c66130d360 JavaThread "RMI Reaper"                        [_thread_blocked, id=26348, stack(0x00000060e5b00000,0x00000060e5c00000) (1024K)]
  0x000001c66c48afb0 JavaThread "RMI TCP Connection(1)-127.0.0.1" daemon [_thread_in_native, id=34872, stack(0x00000060e5c00000,0x00000060e5d00000) (1024K)]
  0x000001c66c48b640 JavaThread "Java2D Disposer"            daemon [_thread_blocked, id=31864, stack(0x00000060e5d00000,0x00000060e5e00000) (1024K)]
  0x000001c66c48bcd0 JavaThread "AWT-Windows"                daemon [_thread_in_native, id=31244, stack(0x00000060e5f00000,0x00000060e6000000) (1024K)]
  0x000001c66c489570 JavaThread "DefaultDispatcher-worker-1" daemon [_thread_blocked, id=13896, stack(0x00000060e6100000,0x00000060e6200000) (1024K)]
  0x000001c66c48dda0 JavaThread "DefaultDispatcher-worker-2" daemon [_thread_blocked, id=41420, stack(0x00000060e6200000,0x00000060e6300000) (1024K)]
  0x000001c66c48fe70 JavaThread "DefaultDispatcher-worker-3" daemon [_thread_blocked, id=42876, stack(0x00000060e6300000,0x00000060e6400000) (1024K)]
  0x000001c66c48e430 JavaThread "DefaultDispatcher-worker-4" daemon [_thread_blocked, id=26064, stack(0x00000060e6400000,0x00000060e6500000) (1024K)]
  0x000001c66c48f7e0 JavaThread "DefaultDispatcher-worker-5" daemon [_thread_blocked, id=23048, stack(0x00000060e6500000,0x00000060e6600000) (1024K)]
  0x000001c66c48f150 JavaThread "DefaultDispatcher-worker-6" daemon [_thread_blocked, id=3380, stack(0x00000060e6600000,0x00000060e6700000) (1024K)]
  0x000001c66dc3b480 JavaThread "WorkerExecutor Queue Thread 8"        [_thread_blocked, id=36820, stack(0x00000060e5e00000,0x00000060e5f00000) (1024K)]
Total: 232

Other Threads:
  0x000001c67f8d89b0 VMThread "VM Thread"                           [id=19516, stack(0x00000060d7300000,0x00000060d7400000) (1024K)]
  0x000001c6196d19e0 WatcherThread "VM Periodic Task Thread"        [id=41340, stack(0x00000060d7200000,0x00000060d7300000) (1024K)]
  0x000001c67c8be5e0 WorkerThread "GC Thread#0"                     [id=26788, stack(0x00000060d6d00000,0x00000060d6e00000) (1024K)]
  0x000001c65f0a3490 WorkerThread "GC Thread#1"                     [id=40288, stack(0x00000060d8000000,0x00000060d8100000) (1024K)]
  0x000001c65f0a3830 WorkerThread "GC Thread#2"                     [id=42112, stack(0x00000060d8100000,0x00000060d8200000) (1024K)]
  0x000001c65f0a3bd0 WorkerThread "GC Thread#3"                     [id=17016, stack(0x00000060d8200000,0x00000060d8300000) (1024K)]
  0x000001c65f0ec830 WorkerThread "GC Thread#4"                     [id=27276, stack(0x00000060d8300000,0x00000060d8400000) (1024K)]
  0x000001c65f0ecbd0 WorkerThread "GC Thread#5"                     [id=24060, stack(0x00000060d8400000,0x00000060d8500000) (1024K)]
  0x000001c6608051f0 WorkerThread "GC Thread#6"                     [id=17228, stack(0x00000060d8600000,0x00000060d8700000) (1024K)]
  0x000001c6608e86b0 WorkerThread "GC Thread#7"                     [id=36496, stack(0x00000060d8700000,0x00000060d8800000) (1024K)]
  0x000001c6608f0a60 WorkerThread "GC Thread#8"                     [id=18652, stack(0x00000060d8800000,0x00000060d8900000) (1024K)]
  0x000001c660772b60 WorkerThread "GC Thread#9"                     [id=36240, stack(0x00000060d9400000,0x00000060d9500000) (1024K)]
  0x000001c67c8e6340 ConcurrentGCThread "G1 Main Marker"            [id=13424, stack(0x00000060d6e00000,0x00000060d6f00000) (1024K)]
  0x000001c67c8e6d50 WorkerThread "G1 Conc#0"                       [id=20272, stack(0x00000060d6f00000,0x00000060d7000000) (1024K)]
  0x000001c6607715a0 WorkerThread "G1 Conc#1"                       [id=11816, stack(0x00000060d9500000,0x00000060d9600000) (1024K)]
  0x000001c660771940 WorkerThread "G1 Conc#2"                       [id=19916, stack(0x00000060d9600000,0x00000060d9700000) (1024K)]
  0x000001c67f81e5a0 ConcurrentGCThread "G1 Refine#0"               [id=16680, stack(0x00000060d7000000,0x00000060d7100000) (1024K)]
  0x000001c67f81ef20 ConcurrentGCThread "G1 Service"                [id=26724, stack(0x00000060d7100000,0x00000060d7200000) (1024K)]
Total: 18

Threads with active compile tasks:
C2 CompilerThread0  35544 26982       4       java.lang.invoke.MethodHandleImpl::makePairwiseConvertByEditor (617 bytes)
C2 CompilerThread1  35544 27194       4       java.lang.invoke.MethodHandleNatives::findMethodHandleType (7 bytes)
C2 CompilerThread2  35544 27178       4       java.lang.invoke.MethodType::makeImpl (109 bytes)
Total: 3

VM state: not at safepoint (normal execution)

VM Mutex/Monitor currently owned by a thread: None

Heap address: 0x00000000a0000000, size: 1536 MB, Compressed Oops mode: 32-bit

CDS archive(s) mapped at: [0x000001c61a000000-0x000001c61ac80000-0x000001c61ac80000), size 13107200, SharedBaseAddress: 0x000001c61a000000, ArchiveRelocationMode: 1.
Compressed class space mapped at: 0x000001c61b000000-0x000001c65b000000, reserved size: 1073741824
Narrow klass base: 0x000001c61a000000, Narrow klass shift: 0, Narrow klass range: 0x100000000

GC Precious Log:
 CardTable entry size: 512
 Card Set container configuration: InlinePtr #cards 5 size 8 Array Of Cards #cards 12 size 40 Howl #buckets 4 coarsen threshold 1843 Howl Bitmap #cards 512 size 80 coarsen threshold 460 Card regions per heap region 1 cards per card region 2048
 CPUs: 12 total, 12 available
 Memory: 16295M
 Large Page Support: Disabled
 NUMA Support: Disabled
 Compressed Oops: Enabled (32-bit)
 Heap Region Size: 1M
 Heap Min Capacity: 8M
 Heap Initial Capacity: 256M
 Heap Max Capacity: 1536M
 Pre-touch: Disabled
 Parallel Workers: 10
 Concurrent Workers: 3
 Concurrent Refinement Workers: 10
 Periodic GC: Disabled

Heap:
 garbage-first heap   total 529408K, used 427607K [0x00000000a0000000, 0x0000000100000000)
  region size 1024K, 114 young (116736K), 9 survivors (9216K)
 Metaspace       used 197192K, committed 200768K, reserved 1245184K
  class space    used 26956K, committed 28736K, reserved 1048576K

Heap Regions: E=young(eden), S=young(survivor), O=old, HS=humongous(starts), HC=humongous(continues), CS=collection set, F=free, TAMS=top-at-mark-start, PB=parsable bottom
|   0|0x00000000a0000000, 0x00000000a0100000, 0x00000000a0100000|100%|HS|  |TAMS 0x00000000a0000000| PB 0x00000000a0000000| Complete 
|   1|0x00000000a0100000, 0x00000000a0200000, 0x00000000a0200000|100%|HC|  |TAMS 0x00000000a0100000| PB 0x00000000a0100000| Complete 
|   2|0x00000000a0200000, 0x00000000a0300000, 0x00000000a0300000|100%|HC|  |TAMS 0x00000000a0200000| PB 0x00000000a0200000| Complete 
|   3|0x00000000a0300000, 0x00000000a0400000, 0x00000000a0400000|100%| O|  |TAMS 0x00000000a0300000| PB 0x00000000a0300000| Untracked 
|   4|0x00000000a0400000, 0x00000000a0500000, 0x00000000a0500000|100%| O|  |TAMS 0x00000000a0400000| PB 0x00000000a0400000| Untracked 
|   5|0x00000000a0500000, 0x00000000a0600000, 0x00000000a0600000|100%| O|  |TAMS 0x00000000a0500000| PB 0x00000000a0500000| Untracked 
|   6|0x00000000a0600000, 0x00000000a0700000, 0x00000000a0700000|100%|HS|  |TAMS 0x00000000a0600000| PB 0x00000000a0600000| Complete 
|   7|0x00000000a0700000, 0x00000000a0800000, 0x00000000a0800000|100%| O|  |TAMS 0x00000000a0700000| PB 0x00000000a0700000| Untracked 
|   8|0x00000000a0800000, 0x00000000a0900000, 0x00000000a0900000|100%| O|  |TAMS 0x00000000a0800000| PB 0x00000000a0800000| Untracked 
|   9|0x00000000a0900000, 0x00000000a0a00000, 0x00000000a0a00000|100%| O|  |TAMS 0x00000000a0900000| PB 0x00000000a0900000| Untracked 
|  10|0x00000000a0a00000, 0x00000000a0b00000, 0x00000000a0b00000|100%| O|  |TAMS 0x00000000a0a00000| PB 0x00000000a0a00000| Untracked 
|  11|0x00000000a0b00000, 0x00000000a0c00000, 0x00000000a0c00000|100%| O|  |TAMS 0x00000000a0b00000| PB 0x00000000a0b00000| Untracked 
|  12|0x00000000a0c00000, 0x00000000a0d00000, 0x00000000a0d00000|100%| O|  |TAMS 0x00000000a0c00000| PB 0x00000000a0c00000| Untracked 
|  13|0x00000000a0d00000, 0x00000000a0e00000, 0x00000000a0e00000|100%| O|  |TAMS 0x00000000a0d00000| PB 0x00000000a0d00000| Untracked 
|  14|0x00000000a0e00000, 0x00000000a0f00000, 0x00000000a0f00000|100%| O|  |TAMS 0x00000000a0e00000| PB 0x00000000a0e00000| Untracked 
|  15|0x00000000a0f00000, 0x00000000a1000000, 0x00000000a1000000|100%| O|  |TAMS 0x00000000a0f00000| PB 0x00000000a0f00000| Untracked 
|  16|0x00000000a1000000, 0x00000000a1100000, 0x00000000a1100000|100%| O|  |TAMS 0x00000000a1000000| PB 0x00000000a1000000| Untracked 
|  17|0x00000000a1100000, 0x00000000a1200000, 0x00000000a1200000|100%| O|  |TAMS 0x00000000a1100000| PB 0x00000000a1100000| Untracked 
|  18|0x00000000a1200000, 0x00000000a1300000, 0x00000000a1300000|100%| O|  |TAMS 0x00000000a1200000| PB 0x00000000a1200000| Untracked 
|  19|0x00000000a1300000, 0x00000000a1400000, 0x00000000a1400000|100%| O|  |TAMS 0x00000000a1300000| PB 0x00000000a1300000| Untracked 
|  20|0x00000000a1400000, 0x00000000a1500000, 0x00000000a1500000|100%| O|  |TAMS 0x00000000a1400000| PB 0x00000000a1400000| Untracked 
|  21|0x00000000a1500000, 0x00000000a1600000, 0x00000000a1600000|100%| O|  |TAMS 0x00000000a1500000| PB 0x00000000a1500000| Untracked 
|  22|0x00000000a1600000, 0x00000000a1700000, 0x00000000a1700000|100%| O|  |TAMS 0x00000000a1600000| PB 0x00000000a1600000| Untracked 
|  23|0x00000000a1700000, 0x00000000a1800000, 0x00000000a1800000|100%| O|  |TAMS 0x00000000a1700000| PB 0x00000000a1700000| Untracked 
|  24|0x00000000a1800000, 0x00000000a1900000, 0x00000000a1900000|100%| O|  |TAMS 0x00000000a1800000| PB 0x00000000a1800000| Untracked 
|  25|0x00000000a1900000, 0x00000000a1a00000, 0x00000000a1a00000|100%| O|  |TAMS 0x00000000a1900000| PB 0x00000000a1900000| Untracked 
|  26|0x00000000a1a00000, 0x00000000a1b00000, 0x00000000a1b00000|100%|HS|  |TAMS 0x00000000a1a00000| PB 0x00000000a1a00000| Complete 
|  27|0x00000000a1b00000, 0x00000000a1c00000, 0x00000000a1c00000|100%|HC|  |TAMS 0x00000000a1b00000| PB 0x00000000a1b00000| Complete 
|  28|0x00000000a1c00000, 0x00000000a1d00000, 0x00000000a1d00000|100%| O|  |TAMS 0x00000000a1c00000| PB 0x00000000a1c00000| Untracked 
|  29|0x00000000a1d00000, 0x00000000a1e00000, 0x00000000a1e00000|100%| O|  |TAMS 0x00000000a1d00000| PB 0x00000000a1d00000| Untracked 
|  30|0x00000000a1e00000, 0x00000000a1f00000, 0x00000000a1f00000|100%| O|  |TAMS 0x00000000a1e00000| PB 0x00000000a1e00000| Untracked 
|  31|0x00000000a1f00000, 0x00000000a2000000, 0x00000000a2000000|100%| O|  |TAMS 0x00000000a1f00000| PB 0x00000000a1f00000| Untracked 
|  32|0x00000000a2000000, 0x00000000a2100000, 0x00000000a2100000|100%| O|  |TAMS 0x00000000a2000000| PB 0x00000000a2000000| Untracked 
|  33|0x00000000a2100000, 0x00000000a2200000, 0x00000000a2200000|100%| O|  |TAMS 0x00000000a2100000| PB 0x00000000a2100000| Untracked 
|  34|0x00000000a2200000, 0x00000000a2300000, 0x00000000a2300000|100%| O|  |TAMS 0x00000000a2200000| PB 0x00000000a2200000| Untracked 
|  35|0x00000000a2300000, 0x00000000a2400000, 0x00000000a2400000|100%| O|  |TAMS 0x00000000a2300000| PB 0x00000000a2300000| Untracked 
|  36|0x00000000a2400000, 0x00000000a2500000, 0x00000000a2500000|100%| O|  |TAMS 0x00000000a2400000| PB 0x00000000a2400000| Untracked 
|  37|0x00000000a2500000, 0x00000000a2600000, 0x00000000a2600000|100%| O|  |TAMS 0x00000000a2500000| PB 0x00000000a2500000| Untracked 
|  38|0x00000000a2600000, 0x00000000a2700000, 0x00000000a2700000|100%|HS|  |TAMS 0x00000000a2600000| PB 0x00000000a2600000| Complete 
|  39|0x00000000a2700000, 0x00000000a2800000, 0x00000000a2800000|100%|HS|  |TAMS 0x00000000a2700000| PB 0x00000000a2700000| Complete 
|  40|0x00000000a2800000, 0x00000000a2900000, 0x00000000a2900000|100%|HS|  |TAMS 0x00000000a2800000| PB 0x00000000a2800000| Complete 
|  41|0x00000000a2900000, 0x00000000a2a00000, 0x00000000a2a00000|100%|HS|  |TAMS 0x00000000a2900000| PB 0x00000000a2900000| Complete 
|  42|0x00000000a2a00000, 0x00000000a2b00000, 0x00000000a2b00000|100%| O|  |TAMS 0x00000000a2a00000| PB 0x00000000a2a00000| Untracked 
|  43|0x00000000a2b00000, 0x00000000a2c00000, 0x00000000a2c00000|100%| O|  |TAMS 0x00000000a2b00000| PB 0x00000000a2b00000| Untracked 
|  44|0x00000000a2c00000, 0x00000000a2d00000, 0x00000000a2d00000|100%| O|  |TAMS 0x00000000a2c00000| PB 0x00000000a2c00000| Untracked 
|  45|0x00000000a2d00000, 0x00000000a2e00000, 0x00000000a2e00000|100%| O|  |TAMS 0x00000000a2d00000| PB 0x00000000a2d00000| Untracked 
|  46|0x00000000a2e00000, 0x00000000a2f00000, 0x00000000a2f00000|100%| O|  |TAMS 0x00000000a2e00000| PB 0x00000000a2e00000| Untracked 
|  47|0x00000000a2f00000, 0x00000000a3000000, 0x00000000a3000000|100%|HS|  |TAMS 0x00000000a2f00000| PB 0x00000000a2f00000| Complete 
|  48|0x00000000a3000000, 0x00000000a3100000, 0x00000000a3100000|100%| O|  |TAMS 0x00000000a3000000| PB 0x00000000a3000000| Untracked 
|  49|0x00000000a3100000, 0x00000000a3200000, 0x00000000a3200000|100%|HS|  |TAMS 0x00000000a3100000| PB 0x00000000a3100000| Complete 
|  50|0x00000000a3200000, 0x00000000a3300000, 0x00000000a3300000|100%| O|  |TAMS 0x00000000a3200000| PB 0x00000000a3200000| Untracked 
|  51|0x00000000a3300000, 0x00000000a3400000, 0x00000000a3400000|100%| O|  |TAMS 0x00000000a3300000| PB 0x00000000a3300000| Untracked 
|  52|0x00000000a3400000, 0x00000000a3500000, 0x00000000a3500000|100%| O|  |TAMS 0x00000000a3400000| PB 0x00000000a3400000| Untracked 
|  53|0x00000000a3500000, 0x00000000a3600000, 0x00000000a3600000|100%|HS|  |TAMS 0x00000000a3500000| PB 0x00000000a3500000| Complete 
|  54|0x00000000a3600000, 0x00000000a3700000, 0x00000000a3700000|100%| O|  |TAMS 0x00000000a3600000| PB 0x00000000a3600000| Untracked 
|  55|0x00000000a3700000, 0x00000000a3800000, 0x00000000a3800000|100%| O|  |TAMS 0x00000000a3700000| PB 0x00000000a3700000| Untracked 
|  56|0x00000000a3800000, 0x00000000a3900000, 0x00000000a3900000|100%| O|  |TAMS 0x00000000a3800000| PB 0x00000000a3800000| Untracked 
|  57|0x00000000a3900000, 0x00000000a3a00000, 0x00000000a3a00000|100%| O|  |TAMS 0x00000000a3900000| PB 0x00000000a3900000| Untracked 
|  58|0x00000000a3a00000, 0x00000000a3b00000, 0x00000000a3b00000|100%| O|  |TAMS 0x00000000a3a00000| PB 0x00000000a3a00000| Untracked 
|  59|0x00000000a3b00000, 0x00000000a3c00000, 0x00000000a3c00000|100%| O|  |TAMS 0x00000000a3b00000| PB 0x00000000a3b00000| Untracked 
|  60|0x00000000a3c00000, 0x00000000a3d00000, 0x00000000a3d00000|100%| O|  |TAMS 0x00000000a3c00000| PB 0x00000000a3c00000| Untracked 
|  61|0x00000000a3d00000, 0x00000000a3e00000, 0x00000000a3e00000|100%| O|  |TAMS 0x00000000a3d00000| PB 0x00000000a3d00000| Untracked 
|  62|0x00000000a3e00000, 0x00000000a3f00000, 0x00000000a3f00000|100%| O|  |TAMS 0x00000000a3e00000| PB 0x00000000a3e00000| Untracked 
|  63|0x00000000a3f00000, 0x00000000a4000000, 0x00000000a4000000|100%| O|  |TAMS 0x00000000a3f00000| PB 0x00000000a3f00000| Untracked 
|  64|0x00000000a4000000, 0x00000000a4100000, 0x00000000a4100000|100%| O|  |TAMS 0x00000000a4000000| PB 0x00000000a4000000| Untracked 
|  65|0x00000000a4100000, 0x00000000a4200000, 0x00000000a4200000|100%| O|  |TAMS 0x00000000a4100000| PB 0x00000000a4100000| Untracked 
|  66|0x00000000a4200000, 0x00000000a4300000, 0x00000000a4300000|100%| O|  |TAMS 0x00000000a4200000| PB 0x00000000a4200000| Untracked 
|  67|0x00000000a4300000, 0x00000000a4400000, 0x00000000a4400000|100%| O|  |TAMS 0x00000000a4300000| PB 0x00000000a4300000| Untracked 
|  68|0x00000000a4400000, 0x00000000a4500000, 0x00000000a4500000|100%| O|  |TAMS 0x00000000a4400000| PB 0x00000000a4400000| Untracked 
|  69|0x00000000a4500000, 0x00000000a4600000, 0x00000000a4600000|100%| O|  |TAMS 0x00000000a4500000| PB 0x00000000a4500000| Untracked 
|  70|0x00000000a4600000, 0x00000000a4700000, 0x00000000a4700000|100%| O|  |TAMS 0x00000000a4600000| PB 0x00000000a4600000| Untracked 
|  71|0x00000000a4700000, 0x00000000a4800000, 0x00000000a4800000|100%| O|  |TAMS 0x00000000a4700000| PB 0x00000000a4700000| Untracked 
|  72|0x00000000a4800000, 0x00000000a4900000, 0x00000000a4900000|100%| O|  |TAMS 0x00000000a4800000| PB 0x00000000a4800000| Untracked 
|  73|0x00000000a4900000, 0x00000000a4a00000, 0x00000000a4a00000|100%| O|  |TAMS 0x00000000a4900000| PB 0x00000000a4900000| Untracked 
|  74|0x00000000a4a00000, 0x00000000a4b00000, 0x00000000a4b00000|100%| O|  |TAMS 0x00000000a4a00000| PB 0x00000000a4a00000| Untracked 
|  75|0x00000000a4b00000, 0x00000000a4c00000, 0x00000000a4c00000|100%| O|  |TAMS 0x00000000a4b00000| PB 0x00000000a4b00000| Untracked 
|  76|0x00000000a4c00000, 0x00000000a4d00000, 0x00000000a4d00000|100%| O|  |TAMS 0x00000000a4c00000| PB 0x00000000a4c00000| Untracked 
|  77|0x00000000a4d00000, 0x00000000a4e00000, 0x00000000a4e00000|100%| O|  |TAMS 0x00000000a4d00000| PB 0x00000000a4d00000| Untracked 
|  78|0x00000000a4e00000, 0x00000000a4f00000, 0x00000000a4f00000|100%| O|  |TAMS 0x00000000a4e00000| PB 0x00000000a4e00000| Untracked 
|  79|0x00000000a4f00000, 0x00000000a5000000, 0x00000000a5000000|100%| O|  |TAMS 0x00000000a4f00000| PB 0x00000000a4f00000| Untracked 
|  80|0x00000000a5000000, 0x00000000a5100000, 0x00000000a5100000|100%|HS|  |TAMS 0x00000000a5000000| PB 0x00000000a5000000| Complete 
|  81|0x00000000a5100000, 0x00000000a5200000, 0x00000000a5200000|100%|HC|  |TAMS 0x00000000a5100000| PB 0x00000000a5100000| Complete 
|  82|0x00000000a5200000, 0x00000000a5300000, 0x00000000a5300000|100%| O|  |TAMS 0x00000000a5200000| PB 0x00000000a5200000| Untracked 
|  83|0x00000000a5300000, 0x00000000a5400000, 0x00000000a5400000|100%| O|  |TAMS 0x00000000a5300000| PB 0x00000000a5300000| Untracked 
|  84|0x00000000a5400000, 0x00000000a5500000, 0x00000000a5500000|100%| O|  |TAMS 0x00000000a5400000| PB 0x00000000a5400000| Untracked 
|  85|0x00000000a5500000, 0x00000000a5600000, 0x00000000a5600000|100%| O|  |TAMS 0x00000000a5500000| PB 0x00000000a5500000| Untracked 
|  86|0x00000000a5600000, 0x00000000a5700000, 0x00000000a5700000|100%| O|  |TAMS 0x00000000a5600000| PB 0x00000000a5600000| Untracked 
|  87|0x00000000a5700000, 0x00000000a5800000, 0x00000000a5800000|100%|HS|  |TAMS 0x00000000a5700000| PB 0x00000000a5700000| Complete 
|  88|0x00000000a5800000, 0x00000000a5900000, 0x00000000a5900000|100%|HC|  |TAMS 0x00000000a5800000| PB 0x00000000a5800000| Complete 
|  89|0x00000000a5900000, 0x00000000a5a00000, 0x00000000a5a00000|100%| O|  |TAMS 0x00000000a5900000| PB 0x00000000a5900000| Untracked 
|  90|0x00000000a5a00000, 0x00000000a5b00000, 0x00000000a5b00000|100%| O|  |TAMS 0x00000000a5a00000| PB 0x00000000a5a00000| Untracked 
|  91|0x00000000a5b00000, 0x00000000a5c00000, 0x00000000a5c00000|100%| O|  |TAMS 0x00000000a5b00000| PB 0x00000000a5b00000| Untracked 
|  92|0x00000000a5c00000, 0x00000000a5d00000, 0x00000000a5d00000|100%| O|  |TAMS 0x00000000a5c00000| PB 0x00000000a5c00000| Untracked 
|  93|0x00000000a5d00000, 0x00000000a5e00000, 0x00000000a5e00000|100%| O|  |TAMS 0x00000000a5d00000| PB 0x00000000a5d00000| Untracked 
|  94|0x00000000a5e00000, 0x00000000a5f00000, 0x00000000a5f00000|100%| O|  |TAMS 0x00000000a5e00000| PB 0x00000000a5e00000| Untracked 
|  95|0x00000000a5f00000, 0x00000000a6000000, 0x00000000a6000000|100%| O|  |TAMS 0x00000000a5f00000| PB 0x00000000a5f00000| Untracked 
|  96|0x00000000a6000000, 0x00000000a6100000, 0x00000000a6100000|100%| O|  |TAMS 0x00000000a6000000| PB 0x00000000a6000000| Untracked 
|  97|0x00000000a6100000, 0x00000000a6200000, 0x00000000a6200000|100%| O|  |TAMS 0x00000000a6100000| PB 0x00000000a6100000| Untracked 
|  98|0x00000000a6200000, 0x00000000a6300000, 0x00000000a6300000|100%| O|  |TAMS 0x00000000a6200000| PB 0x00000000a6200000| Untracked 
|  99|0x00000000a6300000, 0x00000000a6400000, 0x00000000a6400000|100%| O|  |TAMS 0x00000000a6300000| PB 0x00000000a6300000| Untracked 
| 100|0x00000000a6400000, 0x00000000a6500000, 0x00000000a6500000|100%| O|  |TAMS 0x00000000a6400000| PB 0x00000000a6400000| Untracked 
| 101|0x00000000a6500000, 0x00000000a6600000, 0x00000000a6600000|100%| O|  |TAMS 0x00000000a6500000| PB 0x00000000a6500000| Untracked 
| 102|0x00000000a6600000, 0x00000000a6700000, 0x00000000a6700000|100%| O|  |TAMS 0x00000000a6600000| PB 0x00000000a6600000| Untracked 
| 103|0x00000000a6700000, 0x00000000a6800000, 0x00000000a6800000|100%| O|  |TAMS 0x00000000a6700000| PB 0x00000000a6700000| Untracked 
| 104|0x00000000a6800000, 0x00000000a6900000, 0x00000000a6900000|100%| O|  |TAMS 0x00000000a6800000| PB 0x00000000a6800000| Untracked 
| 105|0x00000000a6900000, 0x00000000a6a00000, 0x00000000a6a00000|100%| O|  |TAMS 0x00000000a6900000| PB 0x00000000a6900000| Untracked 
| 106|0x00000000a6a00000, 0x00000000a6b00000, 0x00000000a6b00000|100%| O|  |TAMS 0x00000000a6a00000| PB 0x00000000a6a00000| Untracked 
| 107|0x00000000a6b00000, 0x00000000a6c00000, 0x00000000a6c00000|100%| O|  |TAMS 0x00000000a6b00000| PB 0x00000000a6b00000| Untracked 
| 108|0x00000000a6c00000, 0x00000000a6d00000, 0x00000000a6d00000|100%| O|  |TAMS 0x00000000a6c00000| PB 0x00000000a6c00000| Untracked 
| 109|0x00000000a6d00000, 0x00000000a6e00000, 0x00000000a6e00000|100%| O|  |TAMS 0x00000000a6d00000| PB 0x00000000a6d00000| Untracked 
| 110|0x00000000a6e00000, 0x00000000a6f00000, 0x00000000a6f00000|100%| O|  |TAMS 0x00000000a6e00000| PB 0x00000000a6e00000| Untracked 
| 111|0x00000000a6f00000, 0x00000000a7000000, 0x00000000a7000000|100%| O|  |TAMS 0x00000000a6f00000| PB 0x00000000a6f00000| Untracked 
| 112|0x00000000a7000000, 0x00000000a7100000, 0x00000000a7100000|100%| O|  |TAMS 0x00000000a7000000| PB 0x00000000a7000000| Untracked 
| 113|0x00000000a7100000, 0x00000000a7200000, 0x00000000a7200000|100%| O|  |TAMS 0x00000000a7100000| PB 0x00000000a7100000| Untracked 
| 114|0x00000000a7200000, 0x00000000a7300000, 0x00000000a7300000|100%| O|  |TAMS 0x00000000a7200000| PB 0x00000000a7200000| Untracked 
| 115|0x00000000a7300000, 0x00000000a7400000, 0x00000000a7400000|100%| O|  |TAMS 0x00000000a7300000| PB 0x00000000a7300000| Untracked 
| 116|0x00000000a7400000, 0x00000000a7500000, 0x00000000a7500000|100%| O|  |TAMS 0x00000000a7400000| PB 0x00000000a7400000| Untracked 
| 117|0x00000000a7500000, 0x00000000a7600000, 0x00000000a7600000|100%| O|  |TAMS 0x00000000a7500000| PB 0x00000000a7500000| Untracked 
| 118|0x00000000a7600000, 0x00000000a7700000, 0x00000000a7700000|100%| O|  |TAMS 0x00000000a7600000| PB 0x00000000a7600000| Untracked 
| 119|0x00000000a7700000, 0x00000000a7800000, 0x00000000a7800000|100%| O|  |TAMS 0x00000000a7700000| PB 0x00000000a7700000| Untracked 
| 120|0x00000000a7800000, 0x00000000a7900000, 0x00000000a7900000|100%| O|  |TAMS 0x00000000a7800000| PB 0x00000000a7800000| Untracked 
| 121|0x00000000a7900000, 0x00000000a7a00000, 0x00000000a7a00000|100%| O|  |TAMS 0x00000000a7900000| PB 0x00000000a7900000| Untracked 
| 122|0x00000000a7a00000, 0x00000000a7b00000, 0x00000000a7b00000|100%| O|  |TAMS 0x00000000a7a00000| PB 0x00000000a7a00000| Untracked 
| 123|0x00000000a7b00000, 0x00000000a7c00000, 0x00000000a7c00000|100%| O|  |TAMS 0x00000000a7b00000| PB 0x00000000a7b00000| Untracked 
| 124|0x00000000a7c00000, 0x00000000a7d00000, 0x00000000a7d00000|100%| O|  |TAMS 0x00000000a7c00000| PB 0x00000000a7c00000| Untracked 
| 125|0x00000000a7d00000, 0x00000000a7e00000, 0x00000000a7e00000|100%| O|  |TAMS 0x00000000a7d00000| PB 0x00000000a7d00000| Untracked 
| 126|0x00000000a7e00000, 0x00000000a7f00000, 0x00000000a7f00000|100%| O|  |TAMS 0x00000000a7e00000| PB 0x00000000a7e00000| Untracked 
| 127|0x00000000a7f00000, 0x00000000a8000000, 0x00000000a8000000|100%| O|  |TAMS 0x00000000a7f00000| PB 0x00000000a7f00000| Untracked 
| 128|0x00000000a8000000, 0x00000000a8100000, 0x00000000a8100000|100%| O|  |TAMS 0x00000000a8000000| PB 0x00000000a8000000| Untracked 
| 129|0x00000000a8100000, 0x00000000a8200000, 0x00000000a8200000|100%| O|  |TAMS 0x00000000a8100000| PB 0x00000000a8100000| Untracked 
| 130|0x00000000a8200000, 0x00000000a8300000, 0x00000000a8300000|100%| O|  |TAMS 0x00000000a8200000| PB 0x00000000a8200000| Untracked 
| 131|0x00000000a8300000, 0x00000000a8400000, 0x00000000a8400000|100%| O|  |TAMS 0x00000000a8300000| PB 0x00000000a8300000| Untracked 
| 132|0x00000000a8400000, 0x00000000a8500000, 0x00000000a8500000|100%| O|  |TAMS 0x00000000a8400000| PB 0x00000000a8400000| Untracked 
| 133|0x00000000a8500000, 0x00000000a8600000, 0x00000000a8600000|100%| O|  |TAMS 0x00000000a8500000| PB 0x00000000a8500000| Untracked 
| 134|0x00000000a8600000, 0x00000000a8700000, 0x00000000a8700000|100%| O|  |TAMS 0x00000000a8600000| PB 0x00000000a8600000| Untracked 
| 135|0x00000000a8700000, 0x00000000a8800000, 0x00000000a8800000|100%| O|  |TAMS 0x00000000a8700000| PB 0x00000000a8700000| Untracked 
| 136|0x00000000a8800000, 0x00000000a8900000, 0x00000000a8900000|100%| O|  |TAMS 0x00000000a8800000| PB 0x00000000a8800000| Untracked 
| 137|0x00000000a8900000, 0x00000000a8a00000, 0x00000000a8a00000|100%| O|  |TAMS 0x00000000a8900000| PB 0x00000000a8900000| Untracked 
| 138|0x00000000a8a00000, 0x00000000a8b00000, 0x00000000a8b00000|100%| O|  |TAMS 0x00000000a8a00000| PB 0x00000000a8a00000| Untracked 
| 139|0x00000000a8b00000, 0x00000000a8c00000, 0x00000000a8c00000|100%| O|  |TAMS 0x00000000a8b00000| PB 0x00000000a8b00000| Untracked 
| 140|0x00000000a8c00000, 0x00000000a8d00000, 0x00000000a8d00000|100%| O|  |TAMS 0x00000000a8c00000| PB 0x00000000a8c00000| Untracked 
| 141|0x00000000a8d00000, 0x00000000a8e00000, 0x00000000a8e00000|100%|HS|  |TAMS 0x00000000a8d00000| PB 0x00000000a8d00000| Complete 
| 142|0x00000000a8e00000, 0x00000000a8f00000, 0x00000000a8f00000|100%|HC|  |TAMS 0x00000000a8e00000| PB 0x00000000a8e00000| Complete 
| 143|0x00000000a8f00000, 0x00000000a9000000, 0x00000000a9000000|100%|HC|  |TAMS 0x00000000a8f00000| PB 0x00000000a8f00000| Complete 
| 144|0x00000000a9000000, 0x00000000a9100000, 0x00000000a9100000|100%|HS|  |TAMS 0x00000000a9000000| PB 0x00000000a9000000| Complete 
| 145|0x00000000a9100000, 0x00000000a9200000, 0x00000000a9200000|100%|HC|  |TAMS 0x00000000a9100000| PB 0x00000000a9100000| Complete 
| 146|0x00000000a9200000, 0x00000000a9300000, 0x00000000a9300000|100%|HC|  |TAMS 0x00000000a9200000| PB 0x00000000a9200000| Complete 
| 147|0x00000000a9300000, 0x00000000a9400000, 0x00000000a9400000|100%| O|  |TAMS 0x00000000a9300000| PB 0x00000000a9300000| Untracked 
| 148|0x00000000a9400000, 0x00000000a9500000, 0x00000000a9500000|100%| O|  |TAMS 0x00000000a9400000| PB 0x00000000a9400000| Untracked 
| 149|0x00000000a9500000, 0x00000000a9600000, 0x00000000a9600000|100%| O|  |TAMS 0x00000000a9500000| PB 0x00000000a9500000| Untracked 
| 150|0x00000000a9600000, 0x00000000a9700000, 0x00000000a9700000|100%| O|  |TAMS 0x00000000a9600000| PB 0x00000000a9600000| Untracked 
| 151|0x00000000a9700000, 0x00000000a9800000, 0x00000000a9800000|100%| O|Cm|TAMS 0x00000000a9700000| PB 0x00000000a9700000| Complete 
| 152|0x00000000a9800000, 0x00000000a9900000, 0x00000000a9900000|100%| O|  |TAMS 0x00000000a9800000| PB 0x00000000a9800000| Untracked 
| 153|0x00000000a9900000, 0x00000000a9a00000, 0x00000000a9a00000|100%| O|  |TAMS 0x00000000a9900000| PB 0x00000000a9900000| Untracked 
| 154|0x00000000a9a00000, 0x00000000a9b00000, 0x00000000a9b00000|100%| O|  |TAMS 0x00000000a9a00000| PB 0x00000000a9a00000| Untracked 
| 155|0x00000000a9b00000, 0x00000000a9c00000, 0x00000000a9c00000|100%|HS|  |TAMS 0x00000000a9b00000| PB 0x00000000a9b00000| Complete 
| 156|0x00000000a9c00000, 0x00000000a9d00000, 0x00000000a9d00000|100%|HS|  |TAMS 0x00000000a9c00000| PB 0x00000000a9c00000| Complete 
| 157|0x00000000a9d00000, 0x00000000a9e00000, 0x00000000a9e00000|100%|HC|  |TAMS 0x00000000a9d00000| PB 0x00000000a9d00000| Complete 
| 158|0x00000000a9e00000, 0x00000000a9f00000, 0x00000000a9f00000|100%|HS|  |TAMS 0x00000000a9e00000| PB 0x00000000a9e00000| Complete 
| 159|0x00000000a9f00000, 0x00000000aa000000, 0x00000000aa000000|100%|HS|  |TAMS 0x00000000a9f00000| PB 0x00000000a9f00000| Complete 
| 160|0x00000000aa000000, 0x00000000aa100000, 0x00000000aa100000|100%|HC|  |TAMS 0x00000000aa000000| PB 0x00000000aa000000| Complete 
| 161|0x00000000aa100000, 0x00000000aa200000, 0x00000000aa200000|100%|HS|  |TAMS 0x00000000aa100000| PB 0x00000000aa100000| Complete 
| 162|0x00000000aa200000, 0x00000000aa300000, 0x00000000aa300000|100%|HC|  |TAMS 0x00000000aa200000| PB 0x00000000aa200000| Complete 
| 163|0x00000000aa300000, 0x00000000aa400000, 0x00000000aa400000|100%|HC|  |TAMS 0x00000000aa300000| PB 0x00000000aa300000| Complete 
| 164|0x00000000aa400000, 0x00000000aa500000, 0x00000000aa500000|100%| O|  |TAMS 0x00000000aa400000| PB 0x00000000aa400000| Untracked 
| 165|0x00000000aa500000, 0x00000000aa600000, 0x00000000aa600000|100%| O|  |TAMS 0x00000000aa500000| PB 0x00000000aa500000| Untracked 
| 166|0x00000000aa600000, 0x00000000aa700000, 0x00000000aa700000|100%| O|  |TAMS 0x00000000aa600000| PB 0x00000000aa600000| Untracked 
| 167|0x00000000aa700000, 0x00000000aa800000, 0x00000000aa800000|100%| O|  |TAMS 0x00000000aa700000| PB 0x00000000aa700000| Untracked 
| 168|0x00000000aa800000, 0x00000000aa900000, 0x00000000aa900000|100%| O|  |TAMS 0x00000000aa800000| PB 0x00000000aa800000| Untracked 
| 169|0x00000000aa900000, 0x00000000aaa00000, 0x00000000aaa00000|100%| O|  |TAMS 0x00000000aa900000| PB 0x00000000aa900000| Untracked 
| 170|0x00000000aaa00000, 0x00000000aab00000, 0x00000000aab00000|100%| O|  |TAMS 0x00000000aaa00000| PB 0x00000000aaa00000| Untracked 
| 171|0x00000000aab00000, 0x00000000aac00000, 0x00000000aac00000|100%| O|  |TAMS 0x00000000aab00000| PB 0x00000000aab00000| Untracked 
| 172|0x00000000aac00000, 0x00000000aad00000, 0x00000000aad00000|100%| O|  |TAMS 0x00000000aac00000| PB 0x00000000aac00000| Untracked 
| 173|0x00000000aad00000, 0x00000000aae00000, 0x00000000aae00000|100%| O|  |TAMS 0x00000000aad00000| PB 0x00000000aad00000| Untracked 
| 174|0x00000000aae00000, 0x00000000aaf00000, 0x00000000aaf00000|100%| O|  |TAMS 0x00000000aae00000| PB 0x00000000aae00000| Untracked 
| 175|0x00000000aaf00000, 0x00000000ab000000, 0x00000000ab000000|100%| O|  |TAMS 0x00000000aaf00000| PB 0x00000000aaf00000| Untracked 
| 176|0x00000000ab000000, 0x00000000ab100000, 0x00000000ab100000|100%| O|  |TAMS 0x00000000ab000000| PB 0x00000000ab000000| Untracked 
| 177|0x00000000ab100000, 0x00000000ab200000, 0x00000000ab200000|100%| O|  |TAMS 0x00000000ab100000| PB 0x00000000ab100000| Untracked 
| 178|0x00000000ab200000, 0x00000000ab300000, 0x00000000ab300000|100%| O|  |TAMS 0x00000000ab200000| PB 0x00000000ab200000| Untracked 
| 179|0x00000000ab300000, 0x00000000ab400000, 0x00000000ab400000|100%| O|  |TAMS 0x00000000ab300000| PB 0x00000000ab300000| Untracked 
| 180|0x00000000ab400000, 0x00000000ab500000, 0x00000000ab500000|100%| O|  |TAMS 0x00000000ab400000| PB 0x00000000ab400000| Untracked 
| 181|0x00000000ab500000, 0x00000000ab600000, 0x00000000ab600000|100%| O|  |TAMS 0x00000000ab500000| PB 0x00000000ab500000| Untracked 
| 182|0x00000000ab600000, 0x00000000ab700000, 0x00000000ab700000|100%| O|  |TAMS 0x00000000ab600000| PB 0x00000000ab600000| Untracked 
| 183|0x00000000ab700000, 0x00000000ab800000, 0x00000000ab800000|100%| O|  |TAMS 0x00000000ab700000| PB 0x00000000ab700000| Untracked 
| 184|0x00000000ab800000, 0x00000000ab900000, 0x00000000ab900000|100%| O|  |TAMS 0x00000000ab800000| PB 0x00000000ab800000| Untracked 
| 185|0x00000000ab900000, 0x00000000aba00000, 0x00000000aba00000|100%| O|  |TAMS 0x00000000ab900000| PB 0x00000000ab900000| Untracked 
| 186|0x00000000aba00000, 0x00000000abb00000, 0x00000000abb00000|100%| O|  |TAMS 0x00000000aba00000| PB 0x00000000aba00000| Untracked 
| 187|0x00000000abb00000, 0x00000000abc00000, 0x00000000abc00000|100%| O|  |TAMS 0x00000000abb00000| PB 0x00000000abb00000| Untracked 
| 188|0x00000000abc00000, 0x00000000abd00000, 0x00000000abd00000|100%| O|  |TAMS 0x00000000abc00000| PB 0x00000000abc00000| Untracked 
| 189|0x00000000abd00000, 0x00000000abe00000, 0x00000000abe00000|100%| O|  |TAMS 0x00000000abd00000| PB 0x00000000abd00000| Untracked 
| 190|0x00000000abe00000, 0x00000000abf00000, 0x00000000abf00000|100%| O|  |TAMS 0x00000000abe00000| PB 0x00000000abe00000| Untracked 
| 191|0x00000000abf00000, 0x00000000ac000000, 0x00000000ac000000|100%| O|  |TAMS 0x00000000abf00000| PB 0x00000000abf00000| Untracked 
| 192|0x00000000ac000000, 0x00000000ac100000, 0x00000000ac100000|100%| O|  |TAMS 0x00000000ac000000| PB 0x00000000ac000000| Untracked 
| 193|0x00000000ac100000, 0x00000000ac200000, 0x00000000ac200000|100%| O|  |TAMS 0x00000000ac100000| PB 0x00000000ac100000| Untracked 
| 194|0x00000000ac200000, 0x00000000ac300000, 0x00000000ac300000|100%| O|  |TAMS 0x00000000ac200000| PB 0x00000000ac200000| Untracked 
| 195|0x00000000ac300000, 0x00000000ac400000, 0x00000000ac400000|100%| O|  |TAMS 0x00000000ac300000| PB 0x00000000ac300000| Untracked 
| 196|0x00000000ac400000, 0x00000000ac500000, 0x00000000ac500000|100%| O|  |TAMS 0x00000000ac400000| PB 0x00000000ac400000| Untracked 
| 197|0x00000000ac500000, 0x00000000ac600000, 0x00000000ac600000|100%| O|  |TAMS 0x00000000ac500000| PB 0x00000000ac500000| Untracked 
| 198|0x00000000ac600000, 0x00000000ac700000, 0x00000000ac700000|100%| O|  |TAMS 0x00000000ac600000| PB 0x00000000ac600000| Untracked 
| 199|0x00000000ac700000, 0x00000000ac800000, 0x00000000ac800000|100%| O|  |TAMS 0x00000000ac700000| PB 0x00000000ac700000| Untracked 
| 200|0x00000000ac800000, 0x00000000ac900000, 0x00000000ac900000|100%| O|  |TAMS 0x00000000ac800000| PB 0x00000000ac800000| Untracked 
| 201|0x00000000ac900000, 0x00000000aca00000, 0x00000000aca00000|100%| O|  |TAMS 0x00000000ac900000| PB 0x00000000ac900000| Untracked 
| 202|0x00000000aca00000, 0x00000000acb00000, 0x00000000acb00000|100%| O|  |TAMS 0x00000000aca00000| PB 0x00000000aca00000| Untracked 
| 203|0x00000000acb00000, 0x00000000acc00000, 0x00000000acc00000|100%| O|  |TAMS 0x00000000acb00000| PB 0x00000000acb00000| Untracked 
| 204|0x00000000acc00000, 0x00000000acd00000, 0x00000000acd00000|100%| O|  |TAMS 0x00000000acc00000| PB 0x00000000acc00000| Untracked 
| 205|0x00000000acd00000, 0x00000000ace00000, 0x00000000ace00000|100%| O|  |TAMS 0x00000000acd00000| PB 0x00000000acd00000| Untracked 
| 206|0x00000000ace00000, 0x00000000acf00000, 0x00000000acf00000|100%| O|  |TAMS 0x00000000ace00000| PB 0x00000000ace00000| Untracked 
| 207|0x00000000acf00000, 0x00000000ad000000, 0x00000000ad000000|100%| O|  |TAMS 0x00000000acf00000| PB 0x00000000acf00000| Untracked 
| 208|0x00000000ad000000, 0x00000000ad100000, 0x00000000ad100000|100%| O|  |TAMS 0x00000000ad000000| PB 0x00000000ad000000| Untracked 
| 209|0x00000000ad100000, 0x00000000ad200000, 0x00000000ad200000|100%| O|  |TAMS 0x00000000ad100000| PB 0x00000000ad100000| Untracked 
| 210|0x00000000ad200000, 0x00000000ad300000, 0x00000000ad300000|100%| O|  |TAMS 0x00000000ad200000| PB 0x00000000ad200000| Untracked 
| 211|0x00000000ad300000, 0x00000000ad400000, 0x00000000ad400000|100%| O|  |TAMS 0x00000000ad300000| PB 0x00000000ad300000| Untracked 
| 212|0x00000000ad400000, 0x00000000ad500000, 0x00000000ad500000|100%| O|Cm|TAMS 0x00000000ad400000| PB 0x00000000ad400000| Complete 
| 213|0x00000000ad500000, 0x00000000ad600000, 0x00000000ad600000|100%| O|  |TAMS 0x00000000ad500000| PB 0x00000000ad500000| Untracked 
| 214|0x00000000ad600000, 0x00000000ad700000, 0x00000000ad700000|100%| O|  |TAMS 0x00000000ad600000| PB 0x00000000ad600000| Untracked 
| 215|0x00000000ad700000, 0x00000000ad800000, 0x00000000ad800000|100%| O|  |TAMS 0x00000000ad700000| PB 0x00000000ad700000| Untracked 
| 216|0x00000000ad800000, 0x00000000ad900000, 0x00000000ad900000|100%| O|  |TAMS 0x00000000ad800000| PB 0x00000000ad800000| Untracked 
| 217|0x00000000ad900000, 0x00000000ada00000, 0x00000000ada00000|100%| O|  |TAMS 0x00000000ad900000| PB 0x00000000ad900000| Untracked 
| 218|0x00000000ada00000, 0x00000000adb00000, 0x00000000adb00000|100%| O|  |TAMS 0x00000000ada00000| PB 0x00000000ada00000| Untracked 
| 219|0x00000000adb00000, 0x00000000adc00000, 0x00000000adc00000|100%| O|  |TAMS 0x00000000adb00000| PB 0x00000000adb00000| Untracked 
| 220|0x00000000adc00000, 0x00000000add00000, 0x00000000add00000|100%| O|  |TAMS 0x00000000adc00000| PB 0x00000000adc00000| Untracked 
| 221|0x00000000add00000, 0x00000000ade00000, 0x00000000ade00000|100%| O|  |TAMS 0x00000000add00000| PB 0x00000000add00000| Untracked 
| 222|0x00000000ade00000, 0x00000000adf00000, 0x00000000adf00000|100%| O|Cm|TAMS 0x00000000ade00000| PB 0x00000000ade00000| Complete 
| 223|0x00000000adf00000, 0x00000000ae000000, 0x00000000ae000000|100%| O|  |TAMS 0x00000000adf00000| PB 0x00000000adf00000| Untracked 
| 224|0x00000000ae000000, 0x00000000ae100000, 0x00000000ae100000|100%| O|  |TAMS 0x00000000ae000000| PB 0x00000000ae000000| Untracked 
| 225|0x00000000ae100000, 0x00000000ae200000, 0x00000000ae200000|100%| O|  |TAMS 0x00000000ae100000| PB 0x00000000ae100000| Untracked 
| 226|0x00000000ae200000, 0x00000000ae300000, 0x00000000ae300000|100%| O|  |TAMS 0x00000000ae200000| PB 0x00000000ae200000| Untracked 
| 227|0x00000000ae300000, 0x00000000ae400000, 0x00000000ae400000|100%| O|  |TAMS 0x00000000ae300000| PB 0x00000000ae300000| Untracked 
| 228|0x00000000ae400000, 0x00000000ae500000, 0x00000000ae500000|100%| O|  |TAMS 0x00000000ae400000| PB 0x00000000ae400000| Untracked 
| 229|0x00000000ae500000, 0x00000000ae600000, 0x00000000ae600000|100%| O|  |TAMS 0x00000000ae500000| PB 0x00000000ae500000| Untracked 
| 230|0x00000000ae600000, 0x00000000ae700000, 0x00000000ae700000|100%| O|  |TAMS 0x00000000ae600000| PB 0x00000000ae600000| Untracked 
| 231|0x00000000ae700000, 0x00000000ae800000, 0x00000000ae800000|100%| O|  |TAMS 0x00000000ae700000| PB 0x00000000ae700000| Untracked 
| 232|0x00000000ae800000, 0x00000000ae900000, 0x00000000ae900000|100%| O|  |TAMS 0x00000000ae800000| PB 0x00000000ae800000| Untracked 
| 233|0x00000000ae900000, 0x00000000aea00000, 0x00000000aea00000|100%| O|  |TAMS 0x00000000ae900000| PB 0x00000000ae900000| Untracked 
| 234|0x00000000aea00000, 0x00000000aeb00000, 0x00000000aeb00000|100%| O|  |TAMS 0x00000000aea00000| PB 0x00000000aea00000| Untracked 
| 235|0x00000000aeb00000, 0x00000000aec00000, 0x00000000aec00000|100%| O|  |TAMS 0x00000000aeb00000| PB 0x00000000aeb00000| Untracked 
| 236|0x00000000aec00000, 0x00000000aed00000, 0x00000000aed00000|100%| O|  |TAMS 0x00000000aec00000| PB 0x00000000aec00000| Untracked 
| 237|0x00000000aed00000, 0x00000000aee00000, 0x00000000aee00000|100%| O|  |TAMS 0x00000000aed00000| PB 0x00000000aed00000| Untracked 
| 238|0x00000000aee00000, 0x00000000aef00000, 0x00000000aef00000|100%| O|  |TAMS 0x00000000aee00000| PB 0x00000000aee00000| Untracked 
| 239|0x00000000aef00000, 0x00000000af000000, 0x00000000af000000|100%| O|  |TAMS 0x00000000aef00000| PB 0x00000000aef00000| Untracked 
| 240|0x00000000af000000, 0x00000000af100000, 0x00000000af100000|100%| O|  |TAMS 0x00000000af000000| PB 0x00000000af000000| Untracked 
| 241|0x00000000af100000, 0x00000000af200000, 0x00000000af200000|100%| O|  |TAMS 0x00000000af100000| PB 0x00000000af100000| Untracked 
| 242|0x00000000af200000, 0x00000000af300000, 0x00000000af300000|100%| O|  |TAMS 0x00000000af200000| PB 0x00000000af200000| Untracked 
| 243|0x00000000af300000, 0x00000000af400000, 0x00000000af400000|100%| O|  |TAMS 0x00000000af300000| PB 0x00000000af300000| Untracked 
| 244|0x00000000af400000, 0x00000000af500000, 0x00000000af500000|100%| O|  |TAMS 0x00000000af400000| PB 0x00000000af400000| Untracked 
| 245|0x00000000af500000, 0x00000000af600000, 0x00000000af600000|100%| O|  |TAMS 0x00000000af500000| PB 0x00000000af500000| Untracked 
| 246|0x00000000af600000, 0x00000000af700000, 0x00000000af700000|100%| O|  |TAMS 0x00000000af600000| PB 0x00000000af600000| Untracked 
| 247|0x00000000af700000, 0x00000000af800000, 0x00000000af800000|100%| O|  |TAMS 0x00000000af700000| PB 0x00000000af700000| Untracked 
| 248|0x00000000af800000, 0x00000000af900000, 0x00000000af900000|100%| O|  |TAMS 0x00000000af800000| PB 0x00000000af800000| Untracked 
| 249|0x00000000af900000, 0x00000000afa00000, 0x00000000afa00000|100%| O|  |TAMS 0x00000000af900000| PB 0x00000000af900000| Untracked 
| 250|0x00000000afa00000, 0x00000000afb00000, 0x00000000afb00000|100%| O|  |TAMS 0x00000000afa00000| PB 0x00000000afa00000| Untracked 
| 251|0x00000000afb00000, 0x00000000afc00000, 0x00000000afc00000|100%| O|  |TAMS 0x00000000afb00000| PB 0x00000000afb00000| Untracked 
| 252|0x00000000afc00000, 0x00000000afd00000, 0x00000000afd00000|100%| O|Cm|TAMS 0x00000000afc00000| PB 0x00000000afc00000| Complete 
| 253|0x00000000afd00000, 0x00000000afe00000, 0x00000000afe00000|100%| O|  |TAMS 0x00000000afd00000| PB 0x00000000afd00000| Untracked 
| 254|0x00000000afe00000, 0x00000000aff00000, 0x00000000aff00000|100%| O|Cm|TAMS 0x00000000afe00000| PB 0x00000000afe00000| Complete 
| 255|0x00000000aff00000, 0x00000000b0000000, 0x00000000b0000000|100%| O|  |TAMS 0x00000000aff00000| PB 0x00000000aff00000| Untracked 
| 256|0x00000000b0000000, 0x00000000b0100000, 0x00000000b0100000|100%| O|  |TAMS 0x00000000b0000000| PB 0x00000000b0000000| Untracked 
| 257|0x00000000b0100000, 0x00000000b0200000, 0x00000000b0200000|100%| O|  |TAMS 0x00000000b0100000| PB 0x00000000b0100000| Untracked 
| 258|0x00000000b0200000, 0x00000000b0300000, 0x00000000b0300000|100%| O|  |TAMS 0x00000000b0200000| PB 0x00000000b0200000| Untracked 
| 259|0x00000000b0300000, 0x00000000b0400000, 0x00000000b0400000|100%| O|Cm|TAMS 0x00000000b0300000| PB 0x00000000b0300000| Complete 
| 260|0x00000000b0400000, 0x00000000b0500000, 0x00000000b0500000|100%| O|  |TAMS 0x00000000b0400000| PB 0x00000000b0400000| Untracked 
| 261|0x00000000b0500000, 0x00000000b0500000, 0x00000000b0600000|  0%| F|  |TAMS 0x00000000b0500000| PB 0x00000000b0500000| Untracked 
| 262|0x00000000b0600000, 0x00000000b0600000, 0x00000000b0700000|  0%| F|  |TAMS 0x00000000b0600000| PB 0x00000000b0600000| Untracked 
| 263|0x00000000b0700000, 0x00000000b0800000, 0x00000000b0800000|100%|HS|  |TAMS 0x00000000b0700000| PB 0x00000000b0700000| Complete 
| 264|0x00000000b0800000, 0x00000000b0900000, 0x00000000b0900000|100%|HC|  |TAMS 0x00000000b0800000| PB 0x00000000b0800000| Complete 
| 265|0x00000000b0900000, 0x00000000b0a00000, 0x00000000b0a00000|100%|HS|  |TAMS 0x00000000b0900000| PB 0x00000000b0900000| Complete 
| 266|0x00000000b0a00000, 0x00000000b0b00000, 0x00000000b0b00000|100%|HC|  |TAMS 0x00000000b0a00000| PB 0x00000000b0a00000| Complete 
| 267|0x00000000b0b00000, 0x00000000b0c00000, 0x00000000b0c00000|100%|HS|  |TAMS 0x00000000b0b00000| PB 0x00000000b0b00000| Complete 
| 268|0x00000000b0c00000, 0x00000000b0d00000, 0x00000000b0d00000|100%|HS|  |TAMS 0x00000000b0c00000| PB 0x00000000b0c00000| Complete 
| 269|0x00000000b0d00000, 0x00000000b0e00000, 0x00000000b0e00000|100%|HS|  |TAMS 0x00000000b0d00000| PB 0x00000000b0d00000| Complete 
| 270|0x00000000b0e00000, 0x00000000b0f00000, 0x00000000b0f00000|100%|HS|  |TAMS 0x00000000b0e00000| PB 0x00000000b0e00000| Complete 
| 271|0x00000000b0f00000, 0x00000000b1000000, 0x00000000b1000000|100%| O|  |TAMS 0x00000000b0f00000| PB 0x00000000b0f00000| Untracked 
| 272|0x00000000b1000000, 0x00000000b1100000, 0x00000000b1100000|100%| O|  |TAMS 0x00000000b1000000| PB 0x00000000b1000000| Untracked 
| 273|0x00000000b1100000, 0x00000000b1200000, 0x00000000b1200000|100%| O|  |TAMS 0x00000000b1100000| PB 0x00000000b1100000| Untracked 
| 274|0x00000000b1200000, 0x00000000b1300000, 0x00000000b1300000|100%| O|Cm|TAMS 0x00000000b1200000| PB 0x00000000b1200000| Complete 
| 275|0x00000000b1300000, 0x00000000b1400000, 0x00000000b1400000|100%| O|Cm|TAMS 0x00000000b1300000| PB 0x00000000b1300000| Complete 
| 276|0x00000000b1400000, 0x00000000b1500000, 0x00000000b1500000|100%| O|  |TAMS 0x00000000b1400000| PB 0x00000000b1400000| Untracked 
| 277|0x00000000b1500000, 0x00000000b1600000, 0x00000000b1600000|100%| O|  |TAMS 0x00000000b1500000| PB 0x00000000b1500000| Untracked 
| 278|0x00000000b1600000, 0x00000000b1700000, 0x00000000b1700000|100%| O|  |TAMS 0x00000000b1600000| PB 0x00000000b1600000| Untracked 
| 279|0x00000000b1700000, 0x00000000b1800000, 0x00000000b1800000|100%| O|  |TAMS 0x00000000b1700000| PB 0x00000000b1700000| Untracked 
| 280|0x00000000b1800000, 0x00000000b1900000, 0x00000000b1900000|100%| O|  |TAMS 0x00000000b1800000| PB 0x00000000b1800000| Untracked 
| 281|0x00000000b1900000, 0x00000000b1a00000, 0x00000000b1a00000|100%|HS|  |TAMS 0x00000000b1900000| PB 0x00000000b1900000| Complete 
| 282|0x00000000b1a00000, 0x00000000b1b00000, 0x00000000b1b00000|100%|HC|  |TAMS 0x00000000b1a00000| PB 0x00000000b1a00000| Complete 
| 283|0x00000000b1b00000, 0x00000000b1c00000, 0x00000000b1c00000|100%|HC|  |TAMS 0x00000000b1b00000| PB 0x00000000b1b00000| Complete 
| 284|0x00000000b1c00000, 0x00000000b1d00000, 0x00000000b1d00000|100%|HC|  |TAMS 0x00000000b1c00000| PB 0x00000000b1c00000| Complete 
| 285|0x00000000b1d00000, 0x00000000b1e00000, 0x00000000b1e00000|100%|HC|  |TAMS 0x00000000b1d00000| PB 0x00000000b1d00000| Complete 
| 286|0x00000000b1e00000, 0x00000000b1f00000, 0x00000000b1f00000|100%|HC|  |TAMS 0x00000000b1e00000| PB 0x00000000b1e00000| Complete 
| 287|0x00000000b1f00000, 0x00000000b2000000, 0x00000000b2000000|100%|HC|  |TAMS 0x00000000b1f00000| PB 0x00000000b1f00000| Complete 
| 288|0x00000000b2000000, 0x00000000b2000000, 0x00000000b2100000|  0%| F|  |TAMS 0x00000000b2000000| PB 0x00000000b2000000| Untracked 
| 289|0x00000000b2100000, 0x00000000b2100000, 0x00000000b2200000|  0%| F|  |TAMS 0x00000000b2100000| PB 0x00000000b2100000| Untracked 
| 290|0x00000000b2200000, 0x00000000b2200000, 0x00000000b2300000|  0%| F|  |TAMS 0x00000000b2200000| PB 0x00000000b2200000| Untracked 
| 291|0x00000000b2300000, 0x00000000b2300000, 0x00000000b2400000|  0%| F|  |TAMS 0x00000000b2300000| PB 0x00000000b2300000| Untracked 
| 292|0x00000000b2400000, 0x00000000b2500000, 0x00000000b2500000|100%| O|  |TAMS 0x00000000b2400000| PB 0x00000000b2400000| Untracked 
| 293|0x00000000b2500000, 0x00000000b2600000, 0x00000000b2600000|100%| O|  |TAMS 0x00000000b2500000| PB 0x00000000b2500000| Untracked 
| 294|0x00000000b2600000, 0x00000000b2700000, 0x00000000b2700000|100%| O|  |TAMS 0x00000000b2600000| PB 0x00000000b2600000| Untracked 
| 295|0x00000000b2700000, 0x00000000b2800000, 0x00000000b2800000|100%| O|  |TAMS 0x00000000b2700000| PB 0x00000000b2700000| Untracked 
| 296|0x00000000b2800000, 0x00000000b28b0060, 0x00000000b2900000| 68%| O|  |TAMS 0x00000000b2800000| PB 0x00000000b2800000| Untracked 
| 297|0x00000000b2900000, 0x00000000b2900000, 0x00000000b2a00000|  0%| F|  |TAMS 0x00000000b2900000| PB 0x00000000b2900000| Untracked 
| 298|0x00000000b2a00000, 0x00000000b2a00000, 0x00000000b2b00000|  0%| F|  |TAMS 0x00000000b2a00000| PB 0x00000000b2a00000| Untracked 
| 299|0x00000000b2b00000, 0x00000000b2b00000, 0x00000000b2c00000|  0%| F|  |TAMS 0x00000000b2b00000| PB 0x00000000b2b00000| Untracked 
| 300|0x00000000b2c00000, 0x00000000b2c00000, 0x00000000b2d00000|  0%| F|  |TAMS 0x00000000b2c00000| PB 0x00000000b2c00000| Untracked 
| 301|0x00000000b2d00000, 0x00000000b2d00000, 0x00000000b2e00000|  0%| F|  |TAMS 0x00000000b2d00000| PB 0x00000000b2d00000| Untracked 
| 302|0x00000000b2e00000, 0x00000000b2e00000, 0x00000000b2f00000|  0%| F|  |TAMS 0x00000000b2e00000| PB 0x00000000b2e00000| Untracked 
| 303|0x00000000b2f00000, 0x00000000b2f00000, 0x00000000b3000000|  0%| F|  |TAMS 0x00000000b2f00000| PB 0x00000000b2f00000| Untracked 
| 304|0x00000000b3000000, 0x00000000b3000000, 0x00000000b3100000|  0%| F|  |TAMS 0x00000000b3000000| PB 0x00000000b3000000| Untracked 
| 305|0x00000000b3100000, 0x00000000b3100000, 0x00000000b3200000|  0%| F|  |TAMS 0x00000000b3100000| PB 0x00000000b3100000| Untracked 
| 306|0x00000000b3200000, 0x00000000b3200000, 0x00000000b3300000|  0%| F|  |TAMS 0x00000000b3200000| PB 0x00000000b3200000| Untracked 
| 307|0x00000000b3300000, 0x00000000b3300000, 0x00000000b3400000|  0%| F|  |TAMS 0x00000000b3300000| PB 0x00000000b3300000| Untracked 
| 308|0x00000000b3400000, 0x00000000b3400000, 0x00000000b3500000|  0%| F|  |TAMS 0x00000000b3400000| PB 0x00000000b3400000| Untracked 
| 309|0x00000000b3500000, 0x00000000b3500000, 0x00000000b3600000|  0%| F|  |TAMS 0x00000000b3500000| PB 0x00000000b3500000| Untracked 
| 310|0x00000000b3600000, 0x00000000b3600000, 0x00000000b3700000|  0%| F|  |TAMS 0x00000000b3600000| PB 0x00000000b3600000| Untracked 
| 311|0x00000000b3700000, 0x00000000b3700000, 0x00000000b3800000|  0%| F|  |TAMS 0x00000000b3700000| PB 0x00000000b3700000| Untracked 
| 312|0x00000000b3800000, 0x00000000b3800000, 0x00000000b3900000|  0%| F|  |TAMS 0x00000000b3800000| PB 0x00000000b3800000| Untracked 
| 313|0x00000000b3900000, 0x00000000b3900000, 0x00000000b3a00000|  0%| F|  |TAMS 0x00000000b3900000| PB 0x00000000b3900000| Untracked 
| 314|0x00000000b3a00000, 0x00000000b3a00000, 0x00000000b3b00000|  0%| F|  |TAMS 0x00000000b3a00000| PB 0x00000000b3a00000| Untracked 
| 315|0x00000000b3b00000, 0x00000000b3b00000, 0x00000000b3c00000|  0%| F|  |TAMS 0x00000000b3b00000| PB 0x00000000b3b00000| Untracked 
| 316|0x00000000b3c00000, 0x00000000b3c00000, 0x00000000b3d00000|  0%| F|  |TAMS 0x00000000b3c00000| PB 0x00000000b3c00000| Untracked 
| 317|0x00000000b3d00000, 0x00000000b3d00000, 0x00000000b3e00000|  0%| F|  |TAMS 0x00000000b3d00000| PB 0x00000000b3d00000| Untracked 
| 318|0x00000000b3e00000, 0x00000000b3e00000, 0x00000000b3f00000|  0%| F|  |TAMS 0x00000000b3e00000| PB 0x00000000b3e00000| Untracked 
| 319|0x00000000b3f00000, 0x00000000b3f00000, 0x00000000b4000000|  0%| F|  |TAMS 0x00000000b3f00000| PB 0x00000000b3f00000| Untracked 
| 320|0x00000000b4000000, 0x00000000b4000000, 0x00000000b4100000|  0%| F|  |TAMS 0x00000000b4000000| PB 0x00000000b4000000| Untracked 
| 321|0x00000000b4100000, 0x00000000b4100000, 0x00000000b4200000|  0%| F|  |TAMS 0x00000000b4100000| PB 0x00000000b4100000| Untracked 
| 322|0x00000000b4200000, 0x00000000b4200000, 0x00000000b4300000|  0%| F|  |TAMS 0x00000000b4200000| PB 0x00000000b4200000| Untracked 
| 323|0x00000000b4300000, 0x00000000b4300000, 0x00000000b4400000|  0%| F|  |TAMS 0x00000000b4300000| PB 0x00000000b4300000| Untracked 
| 324|0x00000000b4400000, 0x00000000b4400000, 0x00000000b4500000|  0%| F|  |TAMS 0x00000000b4400000| PB 0x00000000b4400000| Untracked 
| 325|0x00000000b4500000, 0x00000000b4500000, 0x00000000b4600000|  0%| F|  |TAMS 0x00000000b4500000| PB 0x00000000b4500000| Untracked 
| 326|0x00000000b4600000, 0x00000000b4600000, 0x00000000b4700000|  0%| F|  |TAMS 0x00000000b4600000| PB 0x00000000b4600000| Untracked 
| 327|0x00000000b4700000, 0x00000000b4700000, 0x00000000b4800000|  0%| F|  |TAMS 0x00000000b4700000| PB 0x00000000b4700000| Untracked 
| 328|0x00000000b4800000, 0x00000000b4800000, 0x00000000b4900000|  0%| F|  |TAMS 0x00000000b4800000| PB 0x00000000b4800000| Untracked 
| 329|0x00000000b4900000, 0x00000000b4900000, 0x00000000b4a00000|  0%| F|  |TAMS 0x00000000b4900000| PB 0x00000000b4900000| Untracked 
| 330|0x00000000b4a00000, 0x00000000b4a00000, 0x00000000b4b00000|  0%| F|  |TAMS 0x00000000b4a00000| PB 0x00000000b4a00000| Untracked 
| 331|0x00000000b4b00000, 0x00000000b4b00000, 0x00000000b4c00000|  0%| F|  |TAMS 0x00000000b4b00000| PB 0x00000000b4b00000| Untracked 
| 332|0x00000000b4c00000, 0x00000000b4c00000, 0x00000000b4d00000|  0%| F|  |TAMS 0x00000000b4c00000| PB 0x00000000b4c00000| Untracked 
| 333|0x00000000b4d00000, 0x00000000b4d00000, 0x00000000b4e00000|  0%| F|  |TAMS 0x00000000b4d00000| PB 0x00000000b4d00000| Untracked 
| 334|0x00000000b4e00000, 0x00000000b4e00000, 0x00000000b4f00000|  0%| F|  |TAMS 0x00000000b4e00000| PB 0x00000000b4e00000| Untracked 
| 335|0x00000000b4f00000, 0x00000000b4f00000, 0x00000000b5000000|  0%| F|  |TAMS 0x00000000b4f00000| PB 0x00000000b4f00000| Untracked 
| 336|0x00000000b5000000, 0x00000000b50e5f60, 0x00000000b5100000| 89%| S|CS|TAMS 0x00000000b5000000| PB 0x00000000b5000000| Complete 
| 337|0x00000000b5100000, 0x00000000b5200000, 0x00000000b5200000|100%| S|CS|TAMS 0x00000000b5100000| PB 0x00000000b5100000| Complete 
| 338|0x00000000b5200000, 0x00000000b5300000, 0x00000000b5300000|100%| S|CS|TAMS 0x00000000b5200000| PB 0x00000000b5200000| Complete 
| 339|0x00000000b5300000, 0x00000000b5400000, 0x00000000b5400000|100%| S|CS|TAMS 0x00000000b5300000| PB 0x00000000b5300000| Complete 
| 340|0x00000000b5400000, 0x00000000b5500000, 0x00000000b5500000|100%| S|CS|TAMS 0x00000000b5400000| PB 0x00000000b5400000| Complete 
| 341|0x00000000b5500000, 0x00000000b5600000, 0x00000000b5600000|100%| S|CS|TAMS 0x00000000b5500000| PB 0x00000000b5500000| Complete 
| 342|0x00000000b5600000, 0x00000000b5700000, 0x00000000b5700000|100%| S|CS|TAMS 0x00000000b5600000| PB 0x00000000b5600000| Complete 
| 343|0x00000000b5700000, 0x00000000b5800000, 0x00000000b5800000|100%| S|CS|TAMS 0x00000000b5700000| PB 0x00000000b5700000| Complete 
| 344|0x00000000b5800000, 0x00000000b5900000, 0x00000000b5900000|100%| S|CS|TAMS 0x00000000b5800000| PB 0x00000000b5800000| Complete 
| 345|0x00000000b5900000, 0x00000000b5900000, 0x00000000b5a00000|  0%| F|  |TAMS 0x00000000b5900000| PB 0x00000000b5900000| Untracked 
| 346|0x00000000b5a00000, 0x00000000b5a00000, 0x00000000b5b00000|  0%| F|  |TAMS 0x00000000b5a00000| PB 0x00000000b5a00000| Untracked 
| 347|0x00000000b5b00000, 0x00000000b5b00000, 0x00000000b5c00000|  0%| F|  |TAMS 0x00000000b5b00000| PB 0x00000000b5b00000| Untracked 
| 348|0x00000000b5c00000, 0x00000000b5c00000, 0x00000000b5d00000|  0%| F|  |TAMS 0x00000000b5c00000| PB 0x00000000b5c00000| Untracked 
| 349|0x00000000b5d00000, 0x00000000b5d00000, 0x00000000b5e00000|  0%| F|  |TAMS 0x00000000b5d00000| PB 0x00000000b5d00000| Untracked 
| 350|0x00000000b5e00000, 0x00000000b5e00000, 0x00000000b5f00000|  0%| F|  |TAMS 0x00000000b5e00000| PB 0x00000000b5e00000| Untracked 
| 351|0x00000000b5f00000, 0x00000000b5f00000, 0x00000000b6000000|  0%| F|  |TAMS 0x00000000b5f00000| PB 0x00000000b5f00000| Untracked 
| 352|0x00000000b6000000, 0x00000000b6000000, 0x00000000b6100000|  0%| F|  |TAMS 0x00000000b6000000| PB 0x00000000b6000000| Untracked 
| 353|0x00000000b6100000, 0x00000000b6100000, 0x00000000b6200000|  0%| F|  |TAMS 0x00000000b6100000| PB 0x00000000b6100000| Untracked 
| 354|0x00000000b6200000, 0x00000000b6200000, 0x00000000b6300000|  0%| F|  |TAMS 0x00000000b6200000| PB 0x00000000b6200000| Untracked 
| 355|0x00000000b6300000, 0x00000000b6300000, 0x00000000b6400000|  0%| F|  |TAMS 0x00000000b6300000| PB 0x00000000b6300000| Untracked 
| 356|0x00000000b6400000, 0x00000000b6400000, 0x00000000b6500000|  0%| F|  |TAMS 0x00000000b6400000| PB 0x00000000b6400000| Untracked 
| 357|0x00000000b6500000, 0x00000000b6500000, 0x00000000b6600000|  0%| F|  |TAMS 0x00000000b6500000| PB 0x00000000b6500000| Untracked 
| 358|0x00000000b6600000, 0x00000000b6600000, 0x00000000b6700000|  0%| F|  |TAMS 0x00000000b6600000| PB 0x00000000b6600000| Untracked 
| 359|0x00000000b6700000, 0x00000000b6700000, 0x00000000b6800000|  0%| F|  |TAMS 0x00000000b6700000| PB 0x00000000b6700000| Untracked 
| 360|0x00000000b6800000, 0x00000000b6800000, 0x00000000b6900000|  0%| F|  |TAMS 0x00000000b6800000| PB 0x00000000b6800000| Untracked 
| 361|0x00000000b6900000, 0x00000000b6900000, 0x00000000b6a00000|  0%| F|  |TAMS 0x00000000b6900000| PB 0x00000000b6900000| Untracked 
| 362|0x00000000b6a00000, 0x00000000b6a00000, 0x00000000b6b00000|  0%| F|  |TAMS 0x00000000b6a00000| PB 0x00000000b6a00000| Untracked 
| 363|0x00000000b6b00000, 0x00000000b6b00000, 0x00000000b6c00000|  0%| F|  |TAMS 0x00000000b6b00000| PB 0x00000000b6b00000| Untracked 
| 364|0x00000000b6c00000, 0x00000000b6c00000, 0x00000000b6d00000|  0%| F|  |TAMS 0x00000000b6c00000| PB 0x00000000b6c00000| Untracked 
| 365|0x00000000b6d00000, 0x00000000b6d00000, 0x00000000b6e00000|  0%| F|  |TAMS 0x00000000b6d00000| PB 0x00000000b6d00000| Untracked 
| 366|0x00000000b6e00000, 0x00000000b6e00000, 0x00000000b6f00000|  0%| F|  |TAMS 0x00000000b6e00000| PB 0x00000000b6e00000| Untracked 
| 367|0x00000000b6f00000, 0x00000000b6f00000, 0x00000000b7000000|  0%| F|  |TAMS 0x00000000b6f00000| PB 0x00000000b6f00000| Untracked 
| 368|0x00000000b7000000, 0x00000000b7000000, 0x00000000b7100000|  0%| F|  |TAMS 0x00000000b7000000| PB 0x00000000b7000000| Untracked 
| 369|0x00000000b7100000, 0x00000000b7100000, 0x00000000b7200000|  0%| F|  |TAMS 0x00000000b7100000| PB 0x00000000b7100000| Untracked 
| 370|0x00000000b7200000, 0x00000000b7200000, 0x00000000b7300000|  0%| F|  |TAMS 0x00000000b7200000| PB 0x00000000b7200000| Untracked 
| 371|0x00000000b7300000, 0x00000000b7300000, 0x00000000b7400000|  0%| F|  |TAMS 0x00000000b7300000| PB 0x00000000b7300000| Untracked 
| 372|0x00000000b7400000, 0x00000000b7400000, 0x00000000b7500000|  0%| F|  |TAMS 0x00000000b7400000| PB 0x00000000b7400000| Untracked 
| 373|0x00000000b7500000, 0x00000000b7500000, 0x00000000b7600000|  0%| F|  |TAMS 0x00000000b7500000| PB 0x00000000b7500000| Untracked 
| 374|0x00000000b7600000, 0x00000000b7600000, 0x00000000b7700000|  0%| F|  |TAMS 0x00000000b7600000| PB 0x00000000b7600000| Untracked 
| 375|0x00000000b7700000, 0x00000000b7700000, 0x00000000b7800000|  0%| F|  |TAMS 0x00000000b7700000| PB 0x00000000b7700000| Untracked 
| 376|0x00000000b7800000, 0x00000000b7800000, 0x00000000b7900000|  0%| F|  |TAMS 0x00000000b7800000| PB 0x00000000b7800000| Untracked 
| 377|0x00000000b7900000, 0x00000000b7900000, 0x00000000b7a00000|  0%| F|  |TAMS 0x00000000b7900000| PB 0x00000000b7900000| Untracked 
| 378|0x00000000b7a00000, 0x00000000b7a00000, 0x00000000b7b00000|  0%| F|  |TAMS 0x00000000b7a00000| PB 0x00000000b7a00000| Untracked 
| 379|0x00000000b7b00000, 0x00000000b7b00000, 0x00000000b7c00000|  0%| F|  |TAMS 0x00000000b7b00000| PB 0x00000000b7b00000| Untracked 
| 380|0x00000000b7c00000, 0x00000000b7c00000, 0x00000000b7d00000|  0%| F|  |TAMS 0x00000000b7c00000| PB 0x00000000b7c00000| Untracked 
| 381|0x00000000b7d00000, 0x00000000b7d00000, 0x00000000b7e00000|  0%| F|  |TAMS 0x00000000b7d00000| PB 0x00000000b7d00000| Untracked 
| 382|0x00000000b7e00000, 0x00000000b7e00000, 0x00000000b7f00000|  0%| F|  |TAMS 0x00000000b7e00000| PB 0x00000000b7e00000| Untracked 
| 383|0x00000000b7f00000, 0x00000000b7f00000, 0x00000000b8000000|  0%| F|  |TAMS 0x00000000b7f00000| PB 0x00000000b7f00000| Untracked 
| 384|0x00000000b8000000, 0x00000000b8000000, 0x00000000b8100000|  0%| F|  |TAMS 0x00000000b8000000| PB 0x00000000b8000000| Untracked 
| 385|0x00000000b8100000, 0x00000000b8100000, 0x00000000b8200000|  0%| F|  |TAMS 0x00000000b8100000| PB 0x00000000b8100000| Untracked 
| 386|0x00000000b8200000, 0x00000000b8200000, 0x00000000b8300000|  0%| F|  |TAMS 0x00000000b8200000| PB 0x00000000b8200000| Untracked 
| 387|0x00000000b8300000, 0x00000000b8300000, 0x00000000b8400000|  0%| F|  |TAMS 0x00000000b8300000| PB 0x00000000b8300000| Untracked 
| 388|0x00000000b8400000, 0x00000000b8400000, 0x00000000b8500000|  0%| F|  |TAMS 0x00000000b8400000| PB 0x00000000b8400000| Untracked 
| 389|0x00000000b8500000, 0x00000000b8500000, 0x00000000b8600000|  0%| F|  |TAMS 0x00000000b8500000| PB 0x00000000b8500000| Untracked 
| 390|0x00000000b8600000, 0x00000000b8600000, 0x00000000b8700000|  0%| F|  |TAMS 0x00000000b8600000| PB 0x00000000b8600000| Untracked 
| 391|0x00000000b8700000, 0x00000000b8700000, 0x00000000b8800000|  0%| F|  |TAMS 0x00000000b8700000| PB 0x00000000b8700000| Untracked 
| 392|0x00000000b8800000, 0x00000000b8800000, 0x00000000b8900000|  0%| F|  |TAMS 0x00000000b8800000| PB 0x00000000b8800000| Untracked 
| 393|0x00000000b8900000, 0x00000000b8900000, 0x00000000b8a00000|  0%| F|  |TAMS 0x00000000b8900000| PB 0x00000000b8900000| Untracked 
| 394|0x00000000b8a00000, 0x00000000b8a00000, 0x00000000b8b00000|  0%| F|  |TAMS 0x00000000b8a00000| PB 0x00000000b8a00000| Untracked 
| 395|0x00000000b8b00000, 0x00000000b8b00000, 0x00000000b8c00000|  0%| F|  |TAMS 0x00000000b8b00000| PB 0x00000000b8b00000| Untracked 
| 396|0x00000000b8c00000, 0x00000000b8c00000, 0x00000000b8d00000|  0%| F|  |TAMS 0x00000000b8c00000| PB 0x00000000b8c00000| Untracked 
| 397|0x00000000b8d00000, 0x00000000b8df0b28, 0x00000000b8e00000| 94%| E|  |TAMS 0x00000000b8d00000| PB 0x00000000b8d00000| Complete 
| 398|0x00000000b8e00000, 0x00000000b8f00000, 0x00000000b8f00000|100%| E|CS|TAMS 0x00000000b8e00000| PB 0x00000000b8e00000| Complete 
| 399|0x00000000b8f00000, 0x00000000b9000000, 0x00000000b9000000|100%| E|CS|TAMS 0x00000000b8f00000| PB 0x00000000b8f00000| Complete 
| 400|0x00000000b9000000, 0x00000000b9100000, 0x00000000b9100000|100%| E|CS|TAMS 0x00000000b9000000| PB 0x00000000b9000000| Complete 
| 401|0x00000000b9100000, 0x00000000b9200000, 0x00000000b9200000|100%| E|CS|TAMS 0x00000000b9100000| PB 0x00000000b9100000| Complete 
| 402|0x00000000b9200000, 0x00000000b9300000, 0x00000000b9300000|100%| E|CS|TAMS 0x00000000b9200000| PB 0x00000000b9200000| Complete 
| 403|0x00000000b9300000, 0x00000000b9400000, 0x00000000b9400000|100%| E|CS|TAMS 0x00000000b9300000| PB 0x00000000b9300000| Complete 
| 404|0x00000000b9400000, 0x00000000b9500000, 0x00000000b9500000|100%| E|CS|TAMS 0x00000000b9400000| PB 0x00000000b9400000| Complete 
| 405|0x00000000b9500000, 0x00000000b9600000, 0x00000000b9600000|100%| E|CS|TAMS 0x00000000b9500000| PB 0x00000000b9500000| Complete 
| 406|0x00000000b9600000, 0x00000000b9700000, 0x00000000b9700000|100%| E|CS|TAMS 0x00000000b9600000| PB 0x00000000b9600000| Complete 
| 407|0x00000000b9700000, 0x00000000b9800000, 0x00000000b9800000|100%| E|CS|TAMS 0x00000000b9700000| PB 0x00000000b9700000| Complete 
| 408|0x00000000b9800000, 0x00000000b9900000, 0x00000000b9900000|100%| E|CS|TAMS 0x00000000b9800000| PB 0x00000000b9800000| Complete 
| 409|0x00000000b9900000, 0x00000000b9a00000, 0x00000000b9a00000|100%| E|CS|TAMS 0x00000000b9900000| PB 0x00000000b9900000| Complete 
| 410|0x00000000b9a00000, 0x00000000b9b00000, 0x00000000b9b00000|100%| E|CS|TAMS 0x00000000b9a00000| PB 0x00000000b9a00000| Complete 
| 411|0x00000000b9b00000, 0x00000000b9c00000, 0x00000000b9c00000|100%| E|CS|TAMS 0x00000000b9b00000| PB 0x00000000b9b00000| Complete 
| 412|0x00000000b9c00000, 0x00000000b9d00000, 0x00000000b9d00000|100%| E|CS|TAMS 0x00000000b9c00000| PB 0x00000000b9c00000| Complete 
| 413|0x00000000b9d00000, 0x00000000b9e00000, 0x00000000b9e00000|100%| E|CS|TAMS 0x00000000b9d00000| PB 0x00000000b9d00000| Complete 
| 414|0x00000000b9e00000, 0x00000000b9f00000, 0x00000000b9f00000|100%| E|CS|TAMS 0x00000000b9e00000| PB 0x00000000b9e00000| Complete 
| 415|0x00000000b9f00000, 0x00000000ba000000, 0x00000000ba000000|100%| E|CS|TAMS 0x00000000b9f00000| PB 0x00000000b9f00000| Complete 
| 416|0x00000000ba000000, 0x00000000ba100000, 0x00000000ba100000|100%| E|CS|TAMS 0x00000000ba000000| PB 0x00000000ba000000| Complete 
| 417|0x00000000ba100000, 0x00000000ba200000, 0x00000000ba200000|100%| E|CS|TAMS 0x00000000ba100000| PB 0x00000000ba100000| Complete 
| 418|0x00000000ba200000, 0x00000000ba300000, 0x00000000ba300000|100%| E|CS|TAMS 0x00000000ba200000| PB 0x00000000ba200000| Complete 
| 419|0x00000000ba300000, 0x00000000ba400000, 0x00000000ba400000|100%| E|CS|TAMS 0x00000000ba300000| PB 0x00000000ba300000| Complete 
| 420|0x00000000ba400000, 0x00000000ba500000, 0x00000000ba500000|100%| E|CS|TAMS 0x00000000ba400000| PB 0x00000000ba400000| Complete 
| 421|0x00000000ba500000, 0x00000000ba600000, 0x00000000ba600000|100%| E|CS|TAMS 0x00000000ba500000| PB 0x00000000ba500000| Complete 
| 422|0x00000000ba600000, 0x00000000ba700000, 0x00000000ba700000|100%| E|CS|TAMS 0x00000000ba600000| PB 0x00000000ba600000| Complete 
| 423|0x00000000ba700000, 0x00000000ba800000, 0x00000000ba800000|100%| E|CS|TAMS 0x00000000ba700000| PB 0x00000000ba700000| Complete 
| 424|0x00000000ba800000, 0x00000000ba900000, 0x00000000ba900000|100%| E|CS|TAMS 0x00000000ba800000| PB 0x00000000ba800000| Complete 
| 425|0x00000000ba900000, 0x00000000baa00000, 0x00000000baa00000|100%| E|CS|TAMS 0x00000000ba900000| PB 0x00000000ba900000| Complete 
| 426|0x00000000baa00000, 0x00000000bab00000, 0x00000000bab00000|100%| E|CS|TAMS 0x00000000baa00000| PB 0x00000000baa00000| Complete 
| 427|0x00000000bab00000, 0x00000000bac00000, 0x00000000bac00000|100%| E|CS|TAMS 0x00000000bab00000| PB 0x00000000bab00000| Complete 
| 428|0x00000000bac00000, 0x00000000bad00000, 0x00000000bad00000|100%| E|CS|TAMS 0x00000000bac00000| PB 0x00000000bac00000| Complete 
| 429|0x00000000bad00000, 0x00000000bae00000, 0x00000000bae00000|100%| E|CS|TAMS 0x00000000bad00000| PB 0x00000000bad00000| Complete 
| 430|0x00000000bae00000, 0x00000000baf00000, 0x00000000baf00000|100%| E|CS|TAMS 0x00000000bae00000| PB 0x00000000bae00000| Complete 
| 431|0x00000000baf00000, 0x00000000bb000000, 0x00000000bb000000|100%| E|CS|TAMS 0x00000000baf00000| PB 0x00000000baf00000| Complete 
| 432|0x00000000bb000000, 0x00000000bb100000, 0x00000000bb100000|100%| E|CS|TAMS 0x00000000bb000000| PB 0x00000000bb000000| Complete 
| 433|0x00000000bb100000, 0x00000000bb200000, 0x00000000bb200000|100%| E|CS|TAMS 0x00000000bb100000| PB 0x00000000bb100000| Complete 
| 434|0x00000000bb200000, 0x00000000bb300000, 0x00000000bb300000|100%| E|CS|TAMS 0x00000000bb200000| PB 0x00000000bb200000| Complete 
| 435|0x00000000bb300000, 0x00000000bb400000, 0x00000000bb400000|100%| E|CS|TAMS 0x00000000bb300000| PB 0x00000000bb300000| Complete 
| 436|0x00000000bb400000, 0x00000000bb500000, 0x00000000bb500000|100%| E|CS|TAMS 0x00000000bb400000| PB 0x00000000bb400000| Complete 
| 437|0x00000000bb500000, 0x00000000bb600000, 0x00000000bb600000|100%| E|CS|TAMS 0x00000000bb500000| PB 0x00000000bb500000| Complete 
| 438|0x00000000bb600000, 0x00000000bb700000, 0x00000000bb700000|100%| E|CS|TAMS 0x00000000bb600000| PB 0x00000000bb600000| Complete 
| 439|0x00000000bb700000, 0x00000000bb800000, 0x00000000bb800000|100%| E|  |TAMS 0x00000000bb700000| PB 0x00000000bb700000| Complete 
| 440|0x00000000bb800000, 0x00000000bb900000, 0x00000000bb900000|100%| E|CS|TAMS 0x00000000bb800000| PB 0x00000000bb800000| Complete 
| 441|0x00000000bb900000, 0x00000000bba00000, 0x00000000bba00000|100%| E|CS|TAMS 0x00000000bb900000| PB 0x00000000bb900000| Complete 
| 442|0x00000000bba00000, 0x00000000bbb00000, 0x00000000bbb00000|100%| E|CS|TAMS 0x00000000bba00000| PB 0x00000000bba00000| Complete 
| 443|0x00000000bbb00000, 0x00000000bbc00000, 0x00000000bbc00000|100%| E|CS|TAMS 0x00000000bbb00000| PB 0x00000000bbb00000| Complete 
| 444|0x00000000bbc00000, 0x00000000bbd00000, 0x00000000bbd00000|100%| E|CS|TAMS 0x00000000bbc00000| PB 0x00000000bbc00000| Complete 
| 445|0x00000000bbd00000, 0x00000000bbe00000, 0x00000000bbe00000|100%| E|CS|TAMS 0x00000000bbd00000| PB 0x00000000bbd00000| Complete 
| 446|0x00000000bbe00000, 0x00000000bbf00000, 0x00000000bbf00000|100%| E|CS|TAMS 0x00000000bbe00000| PB 0x00000000bbe00000| Complete 
| 447|0x00000000bbf00000, 0x00000000bc000000, 0x00000000bc000000|100%| E|CS|TAMS 0x00000000bbf00000| PB 0x00000000bbf00000| Complete 
| 448|0x00000000bc000000, 0x00000000bc100000, 0x00000000bc100000|100%| E|CS|TAMS 0x00000000bc000000| PB 0x00000000bc000000| Complete 
| 449|0x00000000bc100000, 0x00000000bc200000, 0x00000000bc200000|100%| E|CS|TAMS 0x00000000bc100000| PB 0x00000000bc100000| Complete 
| 450|0x00000000bc200000, 0x00000000bc300000, 0x00000000bc300000|100%| E|CS|TAMS 0x00000000bc200000| PB 0x00000000bc200000| Complete 
| 451|0x00000000bc300000, 0x00000000bc400000, 0x00000000bc400000|100%| E|CS|TAMS 0x00000000bc300000| PB 0x00000000bc300000| Complete 
| 452|0x00000000bc400000, 0x00000000bc500000, 0x00000000bc500000|100%| E|CS|TAMS 0x00000000bc400000| PB 0x00000000bc400000| Complete 
| 453|0x00000000bc500000, 0x00000000bc600000, 0x00000000bc600000|100%| E|CS|TAMS 0x00000000bc500000| PB 0x00000000bc500000| Complete 
| 454|0x00000000bc600000, 0x00000000bc700000, 0x00000000bc700000|100%| E|CS|TAMS 0x00000000bc600000| PB 0x00000000bc600000| Complete 
| 455|0x00000000bc700000, 0x00000000bc800000, 0x00000000bc800000|100%| E|CS|TAMS 0x00000000bc700000| PB 0x00000000bc700000| Complete 
| 456|0x00000000bc800000, 0x00000000bc900000, 0x00000000bc900000|100%| E|CS|TAMS 0x00000000bc800000| PB 0x00000000bc800000| Complete 
| 457|0x00000000bc900000, 0x00000000bca00000, 0x00000000bca00000|100%| E|CS|TAMS 0x00000000bc900000| PB 0x00000000bc900000| Complete 
| 458|0x00000000bca00000, 0x00000000bcb00000, 0x00000000bcb00000|100%| E|CS|TAMS 0x00000000bca00000| PB 0x00000000bca00000| Complete 
| 459|0x00000000bcb00000, 0x00000000bcc00000, 0x00000000bcc00000|100%| E|CS|TAMS 0x00000000bcb00000| PB 0x00000000bcb00000| Complete 
| 460|0x00000000bcc00000, 0x00000000bcd00000, 0x00000000bcd00000|100%| E|CS|TAMS 0x00000000bcc00000| PB 0x00000000bcc00000| Complete 
| 461|0x00000000bcd00000, 0x00000000bce00000, 0x00000000bce00000|100%| E|CS|TAMS 0x00000000bcd00000| PB 0x00000000bcd00000| Complete 
| 462|0x00000000bce00000, 0x00000000bcf00000, 0x00000000bcf00000|100%| E|CS|TAMS 0x00000000bce00000| PB 0x00000000bce00000| Complete 
| 463|0x00000000bcf00000, 0x00000000bd000000, 0x00000000bd000000|100%| E|CS|TAMS 0x00000000bcf00000| PB 0x00000000bcf00000| Complete 
| 464|0x00000000bd000000, 0x00000000bd100000, 0x00000000bd100000|100%| E|CS|TAMS 0x00000000bd000000| PB 0x00000000bd000000| Complete 
| 465|0x00000000bd100000, 0x00000000bd200000, 0x00000000bd200000|100%| E|CS|TAMS 0x00000000bd100000| PB 0x00000000bd100000| Complete 
| 466|0x00000000bd200000, 0x00000000bd300000, 0x00000000bd300000|100%| E|CS|TAMS 0x00000000bd200000| PB 0x00000000bd200000| Complete 
| 467|0x00000000bd300000, 0x00000000bd400000, 0x00000000bd400000|100%| E|CS|TAMS 0x00000000bd300000| PB 0x00000000bd300000| Complete 
| 468|0x00000000bd400000, 0x00000000bd500000, 0x00000000bd500000|100%| E|CS|TAMS 0x00000000bd400000| PB 0x00000000bd400000| Complete 
| 469|0x00000000bd500000, 0x00000000bd600000, 0x00000000bd600000|100%| E|CS|TAMS 0x00000000bd500000| PB 0x00000000bd500000| Complete 
| 470|0x00000000bd600000, 0x00000000bd700000, 0x00000000bd700000|100%| E|CS|TAMS 0x00000000bd600000| PB 0x00000000bd600000| Complete 
| 471|0x00000000bd700000, 0x00000000bd800000, 0x00000000bd800000|100%| E|CS|TAMS 0x00000000bd700000| PB 0x00000000bd700000| Complete 
| 472|0x00000000bd800000, 0x00000000bd900000, 0x00000000bd900000|100%| E|CS|TAMS 0x00000000bd800000| PB 0x00000000bd800000| Complete 
| 473|0x00000000bd900000, 0x00000000bda00000, 0x00000000bda00000|100%| E|CS|TAMS 0x00000000bd900000| PB 0x00000000bd900000| Complete 
| 474|0x00000000bda00000, 0x00000000bdb00000, 0x00000000bdb00000|100%| E|CS|TAMS 0x00000000bda00000| PB 0x00000000bda00000| Complete 
| 475|0x00000000bdb00000, 0x00000000bdc00000, 0x00000000bdc00000|100%| E|CS|TAMS 0x00000000bdb00000| PB 0x00000000bdb00000| Complete 
| 476|0x00000000bdc00000, 0x00000000bdd00000, 0x00000000bdd00000|100%| E|CS|TAMS 0x00000000bdc00000| PB 0x00000000bdc00000| Complete 
| 477|0x00000000bdd00000, 0x00000000bde00000, 0x00000000bde00000|100%| E|CS|TAMS 0x00000000bdd00000| PB 0x00000000bdd00000| Complete 
| 478|0x00000000bde00000, 0x00000000bdf00000, 0x00000000bdf00000|100%| E|CS|TAMS 0x00000000bde00000| PB 0x00000000bde00000| Complete 
| 479|0x00000000bdf00000, 0x00000000be000000, 0x00000000be000000|100%| E|CS|TAMS 0x00000000bdf00000| PB 0x00000000bdf00000| Complete 
| 480|0x00000000be000000, 0x00000000be100000, 0x00000000be100000|100%| E|CS|TAMS 0x00000000be000000| PB 0x00000000be000000| Complete 
| 481|0x00000000be100000, 0x00000000be200000, 0x00000000be200000|100%| E|CS|TAMS 0x00000000be100000| PB 0x00000000be100000| Complete 
| 482|0x00000000be200000, 0x00000000be300000, 0x00000000be300000|100%| E|CS|TAMS 0x00000000be200000| PB 0x00000000be200000| Complete 
| 483|0x00000000be300000, 0x00000000be400000, 0x00000000be400000|100%| E|CS|TAMS 0x00000000be300000| PB 0x00000000be300000| Complete 
| 484|0x00000000be400000, 0x00000000be500000, 0x00000000be500000|100%| E|CS|TAMS 0x00000000be400000| PB 0x00000000be400000| Complete 
| 485|0x00000000be500000, 0x00000000be600000, 0x00000000be600000|100%| E|CS|TAMS 0x00000000be500000| PB 0x00000000be500000| Complete 
| 486|0x00000000be600000, 0x00000000be700000, 0x00000000be700000|100%| E|CS|TAMS 0x00000000be600000| PB 0x00000000be600000| Complete 
| 487|0x00000000be700000, 0x00000000be800000, 0x00000000be800000|100%| E|CS|TAMS 0x00000000be700000| PB 0x00000000be700000| Complete 
| 488|0x00000000be800000, 0x00000000be900000, 0x00000000be900000|100%| E|CS|TAMS 0x00000000be800000| PB 0x00000000be800000| Complete 
| 489|0x00000000be900000, 0x00000000bea00000, 0x00000000bea00000|100%| E|CS|TAMS 0x00000000be900000| PB 0x00000000be900000| Complete 
| 490|0x00000000bea00000, 0x00000000beb00000, 0x00000000beb00000|100%| E|CS|TAMS 0x00000000bea00000| PB 0x00000000bea00000| Complete 
| 491|0x00000000beb00000, 0x00000000bec00000, 0x00000000bec00000|100%| E|CS|TAMS 0x00000000beb00000| PB 0x00000000beb00000| Complete 
| 492|0x00000000bec00000, 0x00000000bed00000, 0x00000000bed00000|100%| E|CS|TAMS 0x00000000bec00000| PB 0x00000000bec00000| Complete 
| 493|0x00000000bed00000, 0x00000000bee00000, 0x00000000bee00000|100%| E|CS|TAMS 0x00000000bed00000| PB 0x00000000bed00000| Complete 
| 494|0x00000000bee00000, 0x00000000bef00000, 0x00000000bef00000|100%| E|CS|TAMS 0x00000000bee00000| PB 0x00000000bee00000| Complete 
| 495|0x00000000bef00000, 0x00000000bf000000, 0x00000000bf000000|100%| E|CS|TAMS 0x00000000bef00000| PB 0x00000000bef00000| Complete 
| 496|0x00000000bf000000, 0x00000000bf100000, 0x00000000bf100000|100%| E|CS|TAMS 0x00000000bf000000| PB 0x00000000bf000000| Complete 
|1516|0x00000000fec00000, 0x00000000fed00000, 0x00000000fed00000|100%| E|CS|TAMS 0x00000000fec00000| PB 0x00000000fec00000| Complete 
|1517|0x00000000fed00000, 0x00000000fee00000, 0x00000000fee00000|100%| O|  |TAMS 0x00000000fed00000| PB 0x00000000fed00000| Untracked 
|1518|0x00000000fee00000, 0x00000000fef00000, 0x00000000fef00000|100%| E|CS|TAMS 0x00000000fee00000| PB 0x00000000fee00000| Complete 
|1519|0x00000000fef00000, 0x00000000ff000000, 0x00000000ff000000|100%| O|  |TAMS 0x00000000fef00000| PB 0x00000000fef00000| Untracked 
|1520|0x00000000ff000000, 0x00000000ff100000, 0x00000000ff100000|100%| O|Cm|TAMS 0x00000000ff000000| PB 0x00000000ff000000| Complete 
|1521|0x00000000ff100000, 0x00000000ff200000, 0x00000000ff200000|100%| O|  |TAMS 0x00000000ff100000| PB 0x00000000ff100000| Untracked 
|1522|0x00000000ff200000, 0x00000000ff300000, 0x00000000ff300000|100%| E|CS|TAMS 0x00000000ff200000| PB 0x00000000ff200000| Complete 
|1523|0x00000000ff300000, 0x00000000ff400000, 0x00000000ff400000|100%| E|CS|TAMS 0x00000000ff300000| PB 0x00000000ff300000| Complete 
|1524|0x00000000ff400000, 0x00000000ff500000, 0x00000000ff500000|100%| E|CS|TAMS 0x00000000ff400000| PB 0x00000000ff400000| Complete 
|1525|0x00000000ff500000, 0x00000000ff600000, 0x00000000ff600000|100%| O|  |TAMS 0x00000000ff500000| PB 0x00000000ff500000| Untracked 
|1526|0x00000000ff600000, 0x00000000ff700000, 0x00000000ff700000|100%| O|  |TAMS 0x00000000ff600000| PB 0x00000000ff600000| Untracked 
|1527|0x00000000ff700000, 0x00000000ff800000, 0x00000000ff800000|100%| O|  |TAMS 0x00000000ff700000| PB 0x00000000ff700000| Untracked 
|1528|0x00000000ff800000, 0x00000000ff900000, 0x00000000ff900000|100%| O|  |TAMS 0x00000000ff800000| PB 0x00000000ff800000| Untracked 
|1529|0x00000000ff900000, 0x00000000ffa00000, 0x00000000ffa00000|100%| O|  |TAMS 0x00000000ff900000| PB 0x00000000ff900000| Untracked 
|1530|0x00000000ffa00000, 0x00000000ffb00000, 0x00000000ffb00000|100%| O|  |TAMS 0x00000000ffa00000| PB 0x00000000ffa00000| Untracked 
|1531|0x00000000ffb00000, 0x00000000ffc00000, 0x00000000ffc00000|100%| O|  |TAMS 0x00000000ffb00000| PB 0x00000000ffb00000| Untracked 
|1532|0x00000000ffc00000, 0x00000000ffd00000, 0x00000000ffd00000|100%| O|  |TAMS 0x00000000ffc00000| PB 0x00000000ffc00000| Untracked 
|1533|0x00000000ffd00000, 0x00000000ffe00000, 0x00000000ffe00000|100%| O|  |TAMS 0x00000000ffd00000| PB 0x00000000ffd00000| Untracked 
|1534|0x00000000ffe00000, 0x00000000fff00000, 0x00000000fff00000|100%| O|  |TAMS 0x00000000ffe00000| PB 0x00000000ffe00000| Untracked 
|1535|0x00000000fff00000, 0x0000000100000000, 0x0000000100000000|100%| O|  |TAMS 0x00000000fff00000| PB 0x00000000fff00000| Untracked 

Card table byte_map: [0x000001c67d180000,0x000001c67d480000] _byte_map_base: 0x000001c67cc80000

Marking Bits: (CMBitMap*) 0x000001c67c8bebf0
 Bits: [0x000001c67d480000, 0x000001c67ec80000)

Polling page: 0x000001c67aa40000

Metaspace:

Usage:
  Non-class:    166.43 MB used.
      Class:     26.35 MB used.
       Both:    192.78 MB used.

Virtual space:
  Non-class space:      192.00 MB reserved,     168.19 MB ( 88%) committed,  3 nodes.
      Class space:        1.00 GB reserved,      28.06 MB (  3%) committed,  1 nodes.
             Both:        1.19 GB reserved,     196.25 MB ( 16%) committed. 

Chunk freelists:
   Non-Class:  7.09 MB
       Class:  3.89 MB
        Both:  10.98 MB

MaxMetaspaceSize: unlimited
CompressedClassSpaceSize: 1.00 GB
Initial GC threshold: 21.00 MB
Current GC threshold: 300.88 MB
CDS: on
 - commit_granule_bytes: 65536.
 - commit_granule_words: 8192.
 - virtual_space_node_default_size: 8388608.
 - enlarge_chunks_in_place: 1.
 - use_allocation_guard: 0.


Internal statistics:

num_allocs_failed_limit: 6.
num_arena_births: 6830.
num_arena_deaths: 354.
num_vsnodes_births: 4.
num_vsnodes_deaths: 0.
num_space_committed: 3137.
num_space_uncommitted: 0.
num_chunks_returned_to_freelist: 531.
num_chunks_taken_from_freelist: 17415.
num_chunk_merges: 176.
num_chunk_splits: 10649.
num_chunks_enlarged: 5731.
num_inconsistent_stats: 0.

CodeHeap 'non-profiled nmethods': size=120000Kb used=12299Kb max_used=12299Kb free=107701Kb
 bounds [0x000001c610120000, 0x000001c610d30000, 0x000001c617650000]
CodeHeap 'profiled nmethods': size=120000Kb used=47356Kb max_used=47356Kb free=72644Kb
 bounds [0x000001c608650000, 0x000001c60b490000, 0x000001c60fb80000]
CodeHeap 'non-nmethods': size=5760Kb used=3052Kb max_used=3111Kb free=2707Kb
 bounds [0x000001c60fb80000, 0x000001c60feb0000, 0x000001c610120000]
CodeCache: size=245760Kb, used=62707Kb, max_used=62766Kb, free=183052Kb
 total_blobs=23414, nmethods=22140, adapters=1174, full_count=0
Compilation: enabled, stopped_count=0, restarted_count=0

Compilation events (20 events):
Event: 32.482 Thread 0x000001c67f91dd50 27338   !   3       com.intellij.util.containers.ConcurrentWeakKeySoftValueHashMap::get (61 bytes)
Event: 32.482 Thread 0x000001c67f91dd50 nmethod 27338 0x000001c60b484f10 code [0x000001c60b485120, 0x000001c60b485810]
Event: 32.482 Thread 0x000001c67f91dd50 27339       3       com.intellij.util.containers.ConcurrentWeakKeySoftValueHashMap::createHardKey (47 bytes)
Event: 32.483 Thread 0x000001c67f91dd50 nmethod 27339 0x000001c60b485b10 code [0x000001c60b485d20, 0x000001c60b4863b0]
Event: 32.483 Thread 0x000001c67f91dd50 27337       2       org.jetbrains.kotlin.container.SingletonTypeComponentDescriptor::getRegistrations (14 bytes)
Event: 32.483 Thread 0x000001c67f91dd50 nmethod 27337 0x000001c60b486610 code [0x000001c60b486800, 0x000001c60b486b50]
Event: 32.483 Thread 0x000001c67f91dd50 27336       2       org.jetbrains.kotlin.container.ComponentStorage::getImplicitlyDefinedDependency (125 bytes)
Event: 32.485 Thread 0x000001c67f91dd50 nmethod 27336 0x000001c60b486d90 code [0x000001c60b487320, 0x000001c60b488c68]
Event: 32.485 Thread 0x000001c67f91dd50 27343       3       com.intellij.util.containers.MultiMap::getModifiable (29 bytes)
Event: 32.485 Thread 0x000001c67f91dd50 nmethod 27343 0x000001c60b489d10 code [0x000001c60b489f40, 0x000001c60b48a788]
Event: 32.485 Thread 0x000001c67f91dd50 27344       3       org.jetbrains.kotlin.container.CacheKt::getInfo (14 bytes)
Event: 32.486 Thread 0x000001c67f91dd50 nmethod 27344 0x000001c60b48aa10 code [0x000001c60b48ac40, 0x000001c60b48b1f8]
Event: 32.486 Thread 0x000001c67f91dd50 27327       1       org.jetbrains.kotlin.cli.jvm.index.JavaRoot::component2 (5 bytes)
Event: 32.486 Thread 0x000001c67f91dd50 nmethod 27327 0x000001c610d22610 code [0x000001c610d227a0, 0x000001c610d22868]
Event: 32.486 Thread 0x000001c67f91dd50 27342       2       com.intellij.util.containers.MultiMap$2::createCollection (8 bytes)
Event: 32.486 Thread 0x000001c67f91dd50 nmethod 27342 0x000001c60b48b490 code [0x000001c60b48b660, 0x000001c60b48b7f8]
Event: 32.486 Thread 0x000001c67f91dd50 27341       2       org.jetbrains.kotlin.container.ResolveKt::bindToConstructor (112 bytes)
Event: 32.488 Thread 0x000001c67f91dd50 nmethod 27341 0x000001c60b48b910 code [0x000001c60b48bd60, 0x000001c60b48ce70]
Event: 32.488 Thread 0x000001c67f91dd50 27340       1       org.jetbrains.kotlin.config.LanguageFeature::getSinceVersion (5 bytes)
Event: 32.488 Thread 0x000001c67f91dd50 nmethod 27340 0x000001c610d22910 code [0x000001c610d22aa0, 0x000001c610d22b68]

GC Heap History (20 events):
Event: 25.149 GC heap before
{Heap before GC invocations=57 (full 0):
 garbage-first heap   total 388096K, used 341423K [0x00000000a0000000, 0x0000000100000000)
  region size 1024K, 97 young (99328K), 10 survivors (10240K)
 Metaspace       used 158645K, committed 161472K, reserved 1245184K
  class space    used 22039K, committed 23424K, reserved 1048576K
}
Event: 25.174 GC heap after
{Heap after GC invocations=58 (full 0):
 garbage-first heap   total 388096K, used 265216K [0x00000000a0000000, 0x0000000100000000)
  region size 1024K, 13 young (13312K), 13 survivors (13312K)
 Metaspace       used 158645K, committed 161472K, reserved 1245184K
  class space    used 22039K, committed 23424K, reserved 1048576K
}
Event: 25.667 GC heap before
{Heap before GC invocations=58 (full 0):
 garbage-first heap   total 388096K, used 346112K [0x00000000a0000000, 0x0000000100000000)
  region size 1024K, 93 young (95232K), 13 survivors (13312K)
 Metaspace       used 163477K, committed 166336K, reserved 1245184K
  class space    used 22667K, committed 24064K, reserved 1048576K
}
Event: 25.683 GC heap after
{Heap after GC invocations=59 (full 0):
 garbage-first heap   total 388096K, used 269815K [0x00000000a0000000, 0x0000000100000000)
  region size 1024K, 4 young (4096K), 4 survivors (4096K)
 Metaspace       used 163477K, committed 166336K, reserved 1245184K
  class space    used 22667K, committed 24064K, reserved 1048576K
}
Event: 26.295 GC heap before
{Heap before GC invocations=60 (full 0):
 garbage-first heap   total 439296K, used 344567K [0x00000000a0000000, 0x0000000100000000)
  region size 1024K, 85 young (87040K), 4 survivors (4096K)
 Metaspace       used 166265K, committed 169088K, reserved 1245184K
  class space    used 23040K, committed 24384K, reserved 1048576K
}
Event: 26.303 GC heap after
{Heap after GC invocations=61 (full 0):
 garbage-first heap   total 439296K, used 265763K [0x00000000a0000000, 0x0000000100000000)
  region size 1024K, 7 young (7168K), 7 survivors (7168K)
 Metaspace       used 166265K, committed 169088K, reserved 1245184K
  class space    used 23040K, committed 24384K, reserved 1048576K
}
Event: 26.692 GC heap before
{Heap before GC invocations=61 (full 0):
 garbage-first heap   total 439296K, used 392739K [0x00000000a0000000, 0x0000000100000000)
  region size 1024K, 130 young (133120K), 7 survivors (7168K)
 Metaspace       used 168169K, committed 171008K, reserved 1245184K
  class space    used 23187K, committed 24576K, reserved 1048576K
}
Event: 26.703 GC heap after
{Heap after GC invocations=62 (full 0):
 garbage-first heap   total 513024K, used 276432K [0x00000000a0000000, 0x0000000100000000)
  region size 1024K, 16 young (16384K), 16 survivors (16384K)
 Metaspace       used 168169K, committed 171008K, reserved 1245184K
  class space    used 23187K, committed 24576K, reserved 1048576K
}
Event: 27.195 GC heap before
{Heap before GC invocations=62 (full 0):
 garbage-first heap   total 513024K, used 466896K [0x00000000a0000000, 0x0000000100000000)
  region size 1024K, 201 young (205824K), 16 survivors (16384K)
 Metaspace       used 169861K, committed 172608K, reserved 1245184K
  class space    used 23366K, committed 24704K, reserved 1048576K
}
Event: 27.215 GC heap after
{Heap after GC invocations=63 (full 0):
 garbage-first heap   total 513024K, used 283904K [0x00000000a0000000, 0x0000000100000000)
  region size 1024K, 23 young (23552K), 23 survivors (23552K)
 Metaspace       used 169861K, committed 172608K, reserved 1245184K
  class space    used 23366K, committed 24704K, reserved 1048576K
}
Event: 27.307 GC heap before
{Heap before GC invocations=63 (full 0):
 garbage-first heap   total 513024K, used 306432K [0x00000000a0000000, 0x0000000100000000)
  region size 1024K, 47 young (48128K), 23 survivors (23552K)
 Metaspace       used 170998K, committed 173760K, reserved 1245184K
  class space    used 23490K, committed 24832K, reserved 1048576K
}
Event: 27.319 GC heap after
{Heap after GC invocations=64 (full 0):
 garbage-first heap   total 513024K, used 285783K [0x00000000a0000000, 0x0000000100000000)
  region size 1024K, 4 young (4096K), 4 survivors (4096K)
 Metaspace       used 170998K, committed 173760K, reserved 1245184K
  class space    used 23490K, committed 24832K, reserved 1048576K
}
Event: 28.859 GC heap before
{Heap before GC invocations=65 (full 0):
 garbage-first heap   total 513024K, used 476247K [0x00000000a0000000, 0x0000000100000000)
  region size 1024K, 184 young (188416K), 4 survivors (4096K)
 Metaspace       used 178381K, committed 181120K, reserved 1245184K
  class space    used 24566K, committed 25920K, reserved 1048576K
}
Event: 28.875 GC heap after
{Heap after GC invocations=66 (full 0):
 garbage-first heap   total 513024K, used 299416K [0x00000000a0000000, 0x0000000100000000)
  region size 1024K, 10 young (10240K), 10 survivors (10240K)
 Metaspace       used 178381K, committed 181120K, reserved 1245184K
  class space    used 24566K, committed 25920K, reserved 1048576K
}
Event: 29.821 GC heap before
{Heap before GC invocations=66 (full 0):
 garbage-first heap   total 513024K, used 477592K [0x00000000a0000000, 0x0000000100000000)
  region size 1024K, 182 young (186368K), 10 survivors (10240K)
 Metaspace       used 180611K, committed 183360K, reserved 1245184K
  class space    used 25022K, committed 26368K, reserved 1048576K
}
Event: 29.842 GC heap after
{Heap after GC invocations=67 (full 0):
 garbage-first heap   total 513024K, used 313722K [0x00000000a0000000, 0x0000000100000000)
  region size 1024K, 23 young (23552K), 23 survivors (23552K)
 Metaspace       used 180611K, committed 183360K, reserved 1245184K
  class space    used 25022K, committed 26368K, reserved 1048576K
}
Event: 29.971 GC heap before
{Heap before GC invocations=67 (full 0):
 garbage-first heap   total 513024K, used 348538K [0x00000000a0000000, 0x0000000100000000)
  region size 1024K, 58 young (59392K), 23 survivors (23552K)
 Metaspace       used 180693K, committed 183424K, reserved 1245184K
  class space    used 25039K, committed 26368K, reserved 1048576K
}
Event: 29.985 GC heap after
{Heap after GC invocations=68 (full 0):
 garbage-first heap   total 513024K, used 311218K [0x00000000a0000000, 0x0000000100000000)
  region size 1024K, 4 young (4096K), 4 survivors (4096K)
 Metaspace       used 180693K, committed 183424K, reserved 1245184K
  class space    used 25039K, committed 26368K, reserved 1048576K
}
Event: 31.004 GC heap before
{Heap before GC invocations=69 (full 0):
 garbage-first heap   total 529408K, used 471986K [0x00000000a0000000, 0x0000000100000000)
  region size 1024K, 157 young (160768K), 4 survivors (4096K)
 Metaspace       used 186587K, committed 189504K, reserved 1245184K
  class space    used 25720K, committed 27136K, reserved 1048576K
}
Event: 31.011 GC heap after
{Heap after GC invocations=70 (full 0):
 garbage-first heap   total 529408K, used 322135K [0x00000000a0000000, 0x0000000100000000)
  region size 1024K, 9 young (9216K), 9 survivors (9216K)
 Metaspace       used 186587K, committed 189504K, reserved 1245184K
  class space    used 25720K, committed 27136K, reserved 1048576K
}

Dll operation events (17 events):
Event: 0.014 Loaded shared library C:\Users\vicky\.jdks\temurin-21.0.9\bin\java.dll
Event: 0.041 Loaded shared library C:\Users\vicky\.jdks\temurin-21.0.9\bin\jsvml.dll
Event: 0.088 Loaded shared library C:\Users\vicky\.jdks\temurin-21.0.9\bin\zip.dll
Event: 0.093 Loaded shared library C:\Users\vicky\.jdks\temurin-21.0.9\bin\instrument.dll
Event: 0.100 Loaded shared library C:\Users\vicky\.jdks\temurin-21.0.9\bin\net.dll
Event: 0.102 Loaded shared library C:\Users\vicky\.jdks\temurin-21.0.9\bin\nio.dll
Event: 0.105 Loaded shared library C:\Users\vicky\.jdks\temurin-21.0.9\bin\zip.dll
Event: 0.433 Loaded shared library C:\Users\vicky\.jdks\temurin-21.0.9\bin\jimage.dll
Event: 0.643 Loaded shared library C:\Users\vicky\.jdks\temurin-21.0.9\bin\verify.dll
Event: 0.748 Loaded shared library C:\Users\vicky\.gradle\native\1def1411415f61bf3af743bc5b6707747c0891f09f0c88961ee8f79bc544acac\windows-amd64\native-platform.dll
Event: 0.764 Loaded shared library C:\Users\vicky\.gradle\native\0.2.7\x86_64-windows-gnu\gradle-fileevents.dll
Event: 1.823 Loaded shared library C:\Users\vicky\.jdks\temurin-21.0.9\bin\management.dll
Event: 1.829 Loaded shared library C:\Users\vicky\.jdks\temurin-21.0.9\bin\management_ext.dll
Event: 1.986 Loaded shared library C:\Users\vicky\.jdks\temurin-21.0.9\bin\extnet.dll
Event: 2.214 Loaded shared library C:\Users\vicky\.jdks\temurin-21.0.9\bin\sunmscapi.dll
Event: 24.190 Loaded shared library C:\Users\vicky\.jdks\temurin-21.0.9\bin\rmi.dll
Event: 24.807 Loaded shared library C:\Users\vicky\.jdks\temurin-21.0.9\bin\awt.dll

Deoptimization events (20 events):
Event: 31.673 Thread 0x000001c66c48d710 Uncommon trap: trap_request=0xffffff45 fr.pc=0x000001c6104dde00 relative=0x0000000000000140
Event: 31.673 Thread 0x000001c66c48d710 Uncommon trap: reason=unstable_if action=reinterpret pc=0x000001c6104dde00 method=sun.reflect.annotation.AnnotationType.getInstance(Ljava/lang/Class;)Lsun/reflect/annotation/AnnotationType; @ 34 c2
Event: 31.673 Thread 0x000001c66c48d710 DEOPT PACKING pc=0x000001c6104dde00 sp=0x00000060e41fbdb0
Event: 31.673 Thread 0x000001c66c48d710 DEOPT UNPACKING pc=0x000001c60fbd4422 sp=0x00000060e41fbd48 mode 2
Event: 31.673 Thread 0x000001c66c48d710 Uncommon trap: trap_request=0xffffff45 fr.pc=0x000001c61085dfac relative=0x00000000000004ec
Event: 31.673 Thread 0x000001c66c48d710 Uncommon trap: reason=unstable_if action=reinterpret pc=0x000001c61085dfac method=jdk.internal.loader.AbstractClassLoaderValue.extractValue(Ljava/lang/Object;)Ljava/lang/Object; @ 4 c2
Event: 31.673 Thread 0x000001c66c48d710 DEOPT PACKING pc=0x000001c61085dfac sp=0x00000060e41fbb70
Event: 31.673 Thread 0x000001c66c48d710 DEOPT UNPACKING pc=0x000001c60fbd4422 sp=0x00000060e41fbaa8 mode 2
Event: 31.674 Thread 0x000001c66c48d710 Uncommon trap: trap_request=0xffffff45 fr.pc=0x000001c6104dde00 relative=0x0000000000000140
Event: 31.674 Thread 0x000001c66c48d710 Uncommon trap: reason=unstable_if action=reinterpret pc=0x000001c6104dde00 method=sun.reflect.annotation.AnnotationType.getInstance(Ljava/lang/Class;)Lsun/reflect/annotation/AnnotationType; @ 34 c2
Event: 31.674 Thread 0x000001c66c48d710 DEOPT PACKING pc=0x000001c6104dde00 sp=0x00000060e41fc230
Event: 31.674 Thread 0x000001c66c48d710 DEOPT UNPACKING pc=0x000001c60fbd4422 sp=0x00000060e41fc1c8 mode 2
Event: 31.684 Thread 0x000001c66c483300 Uncommon trap: trap_request=0xffffff45 fr.pc=0x000001c6103b1e60 relative=0x0000000000000860
Event: 31.684 Thread 0x000001c66c483300 Uncommon trap: reason=unstable_if action=reinterpret pc=0x000001c6103b1e60 method=java.lang.reflect.Executable.declaredAnnotations()Ljava/util/Map; @ 19 c2
Event: 31.684 Thread 0x000001c66c483300 DEOPT PACKING pc=0x000001c6103b1e60 sp=0x00000060e42fc5a0
Event: 31.684 Thread 0x000001c66c483300 DEOPT UNPACKING pc=0x000001c60fbd4422 sp=0x00000060e42fc4d8 mode 2
Event: 32.190 Thread 0x000001c67f8fefd0 DEOPT PACKING pc=0x000001c608f8118c sp=0x00000060d8afef30
Event: 32.190 Thread 0x000001c67f8fefd0 DEOPT UNPACKING pc=0x000001c60fbd4bc2 sp=0x00000060d8afe3f0 mode 0
Event: 32.324 Thread 0x000001c66c483300 DEOPT PACKING pc=0x000001c609bd8a39 sp=0x00000060e42fb3d0
Event: 32.324 Thread 0x000001c66c483300 DEOPT UNPACKING pc=0x000001c60fbd4bc2 sp=0x00000060e42fa8d0 mode 0

Classes loaded (20 events):
Event: 30.733 Loading class com/sun/org/apache/xerces/internal/dom/AttrNSImpl
Event: 30.733 Loading class com/sun/org/apache/xerces/internal/dom/AttrImpl
Event: 30.734 Loading class com/sun/org/apache/xerces/internal/dom/AttrImpl done
Event: 30.734 Loading class com/sun/org/apache/xerces/internal/dom/AttrNSImpl done
Event: 30.734 Loading class com/sun/org/apache/xerces/internal/dom/AttributeMap
Event: 30.735 Loading class com/sun/org/apache/xerces/internal/dom/NamedNodeMapImpl
Event: 30.735 Loading class com/sun/org/apache/xerces/internal/dom/NamedNodeMapImpl done
Event: 30.735 Loading class com/sun/org/apache/xerces/internal/dom/AttributeMap done
Event: 30.736 Loading class com/sun/org/apache/xerces/internal/dom/TextImpl
Event: 30.736 Loading class org/w3c/dom/CharacterData
Event: 30.736 Loading class org/w3c/dom/CharacterData done
Event: 30.736 Loading class org/w3c/dom/Text
Event: 30.737 Loading class org/w3c/dom/Text done
Event: 30.737 Loading class com/sun/org/apache/xerces/internal/dom/CharacterDataImpl
Event: 30.737 Loading class com/sun/org/apache/xerces/internal/dom/CharacterDataImpl done
Event: 30.737 Loading class com/sun/org/apache/xerces/internal/dom/TextImpl done
Event: 30.737 Loading class com/sun/org/apache/xerces/internal/dom/CharacterDataImpl$1
Event: 30.737 Loading class com/sun/org/apache/xerces/internal/dom/CharacterDataImpl$1 done
Event: 30.738 Loading class com/sun/org/apache/xerces/internal/dom/DeepNodeListImpl
Event: 30.739 Loading class com/sun/org/apache/xerces/internal/dom/DeepNodeListImpl done

Classes unloaded (20 events):
Event: 26.012 Thread 0x000001c67f8d89b0 Unloading class 0x000001c61c481c00 'java/lang/invoke/LambdaForm$DMH+0x000001c61c481c00'
Event: 26.012 Thread 0x000001c67f8d89b0 Unloading class 0x000001c61c481800 'java/lang/invoke/LambdaForm$DMH+0x000001c61c481800'
Event: 26.012 Thread 0x000001c67f8d89b0 Unloading class 0x000001c61c481400 'java/lang/invoke/LambdaForm$DMH+0x000001c61c481400'
Event: 26.012 Thread 0x000001c67f8d89b0 Unloading class 0x000001c61c480c00 'java/lang/invoke/LambdaForm$DMH+0x000001c61c480c00'
Event: 26.012 Thread 0x000001c67f8d89b0 Unloading class 0x000001c61c480800 'java/lang/invoke/LambdaForm$DMH+0x000001c61c480800'
Event: 26.012 Thread 0x000001c67f8d89b0 Unloading class 0x000001c61c480400 'java/lang/invoke/LambdaForm$DMH+0x000001c61c480400'
Event: 26.012 Thread 0x000001c67f8d89b0 Unloading class 0x000001c61c411c00 'java/lang/invoke/LambdaForm$DMH+0x000001c61c411c00'
Event: 26.012 Thread 0x000001c67f8d89b0 Unloading class 0x000001c61c411800 'java/lang/invoke/LambdaForm$DMH+0x000001c61c411800'
Event: 26.012 Thread 0x000001c67f8d89b0 Unloading class 0x000001c61c410800 'java/lang/invoke/LambdaForm$DMH+0x000001c61c410800'
Event: 26.012 Thread 0x000001c67f8d89b0 Unloading class 0x000001c61c411000 'java/lang/invoke/LambdaForm$DMH+0x000001c61c411000'
Event: 26.012 Thread 0x000001c67f8d89b0 Unloading class 0x000001c61c411400 'java/lang/invoke/LambdaForm$DMH+0x000001c61c411400'
Event: 27.619 Thread 0x000001c67f8d89b0 Unloading class 0x000001c61c7dc400 'java/lang/invoke/LambdaForm$DMH+0x000001c61c7dc400'
Event: 27.619 Thread 0x000001c67f8d89b0 Unloading class 0x000001c61c710800 'java/lang/invoke/LambdaForm$DMH+0x000001c61c710800'
Event: 27.619 Thread 0x000001c67f8d89b0 Unloading class 0x000001c61c710400 'java/lang/invoke/LambdaForm$DMH+0x000001c61c710400'
Event: 27.619 Thread 0x000001c67f8d89b0 Unloading class 0x000001c61c70c400 'java/lang/invoke/LambdaForm$DMH+0x000001c61c70c400'
Event: 27.619 Thread 0x000001c67f8d89b0 Unloading class 0x000001c61c64d800 'java/lang/invoke/LambdaForm$MH+0x000001c61c64d800'
Event: 27.619 Thread 0x000001c67f8d89b0 Unloading class 0x000001c61c64d400 'java/lang/invoke/LambdaForm$DMH+0x000001c61c64d400'
Event: 27.619 Thread 0x000001c67f8d89b0 Unloading class 0x000001c61c64c800 'java/lang/invoke/LambdaForm$DMH+0x000001c61c64c800'
Event: 27.619 Thread 0x000001c67f8d89b0 Unloading class 0x000001c61c62c800 'java/lang/invoke/LambdaForm$DMH+0x000001c61c62c800'
Event: 27.619 Thread 0x000001c67f8d89b0 Unloading class 0x000001c61c62c400 'java/lang/invoke/LambdaForm$DMH+0x000001c61c62c400'

Classes redefined (0 events):
No events

Internal exceptions (20 events):
Event: 31.589 Thread 0x000001c6626cbb70 Exception <a 'sun/nio/fs/WindowsException'{0x00000000bd1eae78}> (0x00000000bd1eae78) 
thrown [s\src\hotspot\share\prims\jni.cpp, line 520]
Event: 31.596 Thread 0x000001c6626cbb70 Exception <a 'sun/nio/fs/WindowsException'{0x00000000bd1f2920}> (0x00000000bd1f2920) 
thrown [s\src\hotspot\share\prims\jni.cpp, line 520]
Event: 31.603 Thread 0x000001c6626cbb70 Exception <a 'sun/nio/fs/WindowsException'{0x00000000bd1fafe8}> (0x00000000bd1fafe8) 
thrown [s\src\hotspot\share\prims\jni.cpp, line 520]
Event: 31.609 Thread 0x000001c6626cbb70 Exception <a 'sun/nio/fs/WindowsException'{0x00000000bcde47e8}> (0x00000000bcde47e8) 
thrown [s\src\hotspot\share\prims\jni.cpp, line 520]
Event: 31.615 Thread 0x000001c6626cbb70 Exception <a 'sun/nio/fs/WindowsException'{0x00000000bcdedc98}> (0x00000000bcdedc98) 
thrown [s\src\hotspot\share\prims\jni.cpp, line 520]
Event: 31.622 Thread 0x000001c6626cbb70 Exception <a 'sun/nio/fs/WindowsException'{0x00000000bcdf6538}> (0x00000000bcdf6538) 
thrown [s\src\hotspot\share\prims\jni.cpp, line 520]
Event: 31.628 Thread 0x000001c6626cbb70 Exception <a 'sun/nio/fs/WindowsException'{0x00000000bcba1970}> (0x00000000bcba1970) 
thrown [s\src\hotspot\share\prims\jni.cpp, line 520]
Event: 31.635 Thread 0x000001c6626cbb70 Exception <a 'sun/nio/fs/WindowsException'{0x00000000bcbeaad8}> (0x00000000bcbeaad8) 
thrown [s\src\hotspot\share\prims\jni.cpp, line 520]
Event: 31.641 Thread 0x000001c6626cbb70 Exception <a 'sun/nio/fs/WindowsException'{0x00000000bcbf1a30}> (0x00000000bcbf1a30) 
thrown [s\src\hotspot\share\prims\jni.cpp, line 520]
Event: 31.647 Thread 0x000001c6626cbb70 Exception <a 'sun/nio/fs/WindowsException'{0x00000000bcbf8db8}> (0x00000000bcbf8db8) 
thrown [s\src\hotspot\share\prims\jni.cpp, line 520]
Event: 32.282 Thread 0x000001c66c48d710 Exception <a 'java/lang/NoSuchMethodError'{0x00000000ba6731e8}: 'java.lang.Object java.lang.invoke.DirectMethodHandle$Holder.newInvokeSpecial(java.lang.Object, java.lang.Object, java.lang.Object, java.lang.Object, java.lang.Object, java.lang.Object, java.lang.Object, java.lang.Object, java.lang.Object, java.lang.Object, java.lang.Object, java.lang.Object, java.lang.Object, java.lang.Object, java.lang.Object, java.lang.Object, java.lang.Object, java.lang.Object, java.lang.Object, java.lang.Object, java.lang
Event: 32.282 Thread 0x000001c66c483300 Exception <a 'java/lang/NoSuchMethodError'{0x00000000ba629ed8}: 'java.lang.Object java.lang.invoke.DirectMethodHandle$Holder.newInvokeSpecial(java.lang.Object, java.lang.Object, java.lang.Object, java.lang.Object, java.lang.Object, java.lang.Object, java.lang.Object, java.lang.Object, java.lang.Object, java.lang.Object, java.lang.Object, java.lang.Object, java.lang.Object, java.lang.Object, java.lang.Object, java.lang.Object, java.lang.Object, java.lang.Object, java.lang.Object, java.lang.Object, java.lang
Event: 32.282 Thread 0x000001c66c483300 Exception <a 'java/lang/NoSuchMethodError'{0x00000000ba62fc90}: 'java.lang.Object java.lang.invoke.DelegatingMethodHandle$Holder.reinvoke_L(java.lang.Object, java.lang.Object, java.lang.Object, java.lang.Object, java.lang.Object, java.lang.Object, java.lang.Object, java.lang.Object, java.lang.Object, java.lang.Object, java.lang.Object, java.lang.Object, java.lang.Object, java.lang.Object, java.lang.Object, java.lang.Object, java.lang.Object, java.lang.Object, java.lang.Object, java.lang.Object, java.lang.O
Event: 32.282 Thread 0x000001c66c48d710 Exception <a 'java/lang/NoSuchMethodError'{0x00000000ba6796e0}: 'java.lang.Object java.lang.invoke.DelegatingMethodHandle$Holder.reinvoke_L(java.lang.Object, java.lang.Object, java.lang.Object, java.lang.Object, java.lang.Object, java.lang.Object, java.lang.Object, java.lang.Object, java.lang.Object, java.lang.Object, java.lang.Object, java.lang.Object, java.lang.Object, java.lang.Object, java.lang.Object, java.lang.Object, java.lang.Object, java.lang.Object, java.lang.Object, java.lang.Object, java.lang.O
Event: 32.304 Thread 0x000001c66c48d710 Exception <a 'java/lang/NoSuchMethodError'{0x00000000ba392a10}: 'java.lang.Object java.lang.invoke.DirectMethodHandle$Holder.newInvokeSpecial(java.lang.Object, java.lang.Object, java.lang.Object, java.lang.Object, java.lang.Object, java.lang.Object, java.lang.Object, java.lang.Object, java.lang.Object, java.lang.Object, java.lang.Object, java.lang.Object, java.lang.Object, java.lang.Object, java.lang.Object, java.lang.Object, java.lang.Object, java.lang.Object, java.lang.Object, java.lang.Object)'> (0x0000
Event: 32.304 Thread 0x000001c66c483300 Exception <a 'java/lang/NoSuchMethodError'{0x00000000ba3a07a8}: 'java.lang.Object java.lang.invoke.DirectMethodHandle$Holder.newInvokeSpecial(java.lang.Object, java.lang.Object, java.lang.Object, java.lang.Object, java.lang.Object, java.lang.Object, java.lang.Object, java.lang.Object, java.lang.Object, java.lang.Object, java.lang.Object, java.lang.Object, java.lang.Object, java.lang.Object, java.lang.Object, java.lang.Object, java.lang.Object, java.lang.Object, java.lang.Object, java.lang.Object)'> (0x0000
Event: 32.305 Thread 0x000001c66c483300 Exception <a 'java/lang/NoSuchMethodError'{0x00000000ba3a6b68}: 'java.lang.Object java.lang.invoke.DirectMethodHandle$Holder.invokeSpecial(java.lang.Object, java.lang.Object, java.lang.Object, java.lang.Object, java.lang.Object, java.lang.Object, java.lang.Object, java.lang.Object, java.lang.Object, java.lang.Object, java.lang.Object, java.lang.Object, java.lang.Object, java.lang.Object, java.lang.Object, java.lang.Object, java.lang.Object, java.lang.Object, java.lang.Object, java.lang.Object, java.lang.Ob
Event: 32.305 Thread 0x000001c66c48d710 Exception <a 'java/lang/NoSuchMethodError'{0x00000000ba3e90f0}: 'java.lang.Object java.lang.invoke.DirectMethodHandle$Holder.invokeSpecial(java.lang.Object, java.lang.Object, java.lang.Object, java.lang.Object, java.lang.Object, java.lang.Object, java.lang.Object, java.lang.Object, java.lang.Object, java.lang.Object, java.lang.Object, java.lang.Object, java.lang.Object, java.lang.Object, java.lang.Object, java.lang.Object, java.lang.Object, java.lang.Object, java.lang.Object, java.lang.Object, java.lang.Ob
Event: 32.305 Thread 0x000001c66c483300 Exception <a 'java/lang/NoSuchMethodError'{0x00000000ba3abdb8}: 'java.lang.Object java.lang.invoke.DelegatingMethodHandle$Holder.reinvoke_L(java.lang.Object, java.lang.Object, java.lang.Object, java.lang.Object, java.lang.Object, java.lang.Object, java.lang.Object, java.lang.Object, java.lang.Object, java.lang.Object, java.lang.Object, java.lang.Object, java.lang.Object, java.lang.Object, java.lang.Object, java.lang.Object, java.lang.Object, java.lang.Object, java.lang.Object, java.lang.Object)'> (0x000000
Event: 32.305 Thread 0x000001c66c48d710 Exception <a 'java/lang/NoSuchMethodError'{0x00000000ba3ee2c8}: 'java.lang.Object java.lang.invoke.DelegatingMethodHandle$Holder.reinvoke_L(java.lang.Object, java.lang.Object, java.lang.Object, java.lang.Object, java.lang.Object, java.lang.Object, java.lang.Object, java.lang.Object, java.lang.Object, java.lang.Object, java.lang.Object, java.lang.Object, java.lang.Object, java.lang.Object, java.lang.Object, java.lang.Object, java.lang.Object, java.lang.Object, java.lang.Object, java.lang.Object)'> (0x000000

ZGC Phase Switch (0 events):
No events

VM Operations (20 events):
Event: 30.242 Executing VM operation: ICBufferFull
Event: 30.242 Executing VM operation: ICBufferFull done
Event: 30.322 Executing VM operation: ICBufferFull
Event: 30.325 Executing VM operation: ICBufferFull done
Event: 30.325 Executing VM operation: G1PauseRemark
Event: 30.346 Executing VM operation: G1PauseRemark done
Event: 30.514 Executing VM operation: ICBufferFull
Event: 30.518 Executing VM operation: ICBufferFull done
Event: 30.518 Executing VM operation: ICBufferFull
Event: 30.520 Executing VM operation: ICBufferFull done
Event: 30.536 Executing VM operation: G1PauseCleanup
Event: 30.537 Executing VM operation: G1PauseCleanup done
Event: 30.857 Executing VM operation: ICBufferFull
Event: 30.858 Executing VM operation: ICBufferFull done
Event: 31.004 Executing VM operation: G1CollectForAllocation (G1 Evacuation Pause)
Event: 31.011 Executing VM operation: G1CollectForAllocation (G1 Evacuation Pause) done
Event: 31.785 Executing VM operation: HandshakeAllThreads (Deoptimize)
Event: 31.785 Executing VM operation: HandshakeAllThreads (Deoptimize) done
Event: 32.786 Executing VM operation: Cleanup
Event: 32.786 Executing VM operation: Cleanup done

Memory protections (0 events):
No events

Nmethod flushes (20 events):
Event: 30.344 Thread 0x000001c67f8d89b0 flushing  nmethod 0x000001c60a054b90
Event: 30.344 Thread 0x000001c67f8d89b0 flushing  nmethod 0x000001c60a054f90
Event: 30.344 Thread 0x000001c67f8d89b0 flushing  nmethod 0x000001c60a400610
Event: 30.344 Thread 0x000001c67f8d89b0 flushing  nmethod 0x000001c60a401190
Event: 30.344 Thread 0x000001c67f8d89b0 flushing  nmethod 0x000001c60a402990
Event: 30.344 Thread 0x000001c67f8d89b0 flushing  nmethod 0x000001c60a403090
Event: 30.344 Thread 0x000001c67f8d89b0 flushing  nmethod 0x000001c60a636090
Event: 30.344 Thread 0x000001c67f8d89b0 flushing  nmethod 0x000001c60a6f4b10
Event: 30.344 Thread 0x000001c67f8d89b0 flushing  nmethod 0x000001c60a6f8310
Event: 30.344 Thread 0x000001c67f8d89b0 flushing  nmethod 0x000001c60a6fcd90
Event: 30.344 Thread 0x000001c67f8d89b0 flushing  nmethod 0x000001c60a703610
Event: 30.344 Thread 0x000001c67f8d89b0 flushing  nmethod 0x000001c60a704410
Event: 30.344 Thread 0x000001c67f8d89b0 flushing  nmethod 0x000001c60a704810
Event: 30.344 Thread 0x000001c67f8d89b0 flushing  nmethod 0x000001c60a704c10
Event: 30.344 Thread 0x000001c67f8d89b0 flushing  nmethod 0x000001c60a7e9e10
Event: 30.344 Thread 0x000001c67f8d89b0 flushing  nmethod 0x000001c60a7ea490
Event: 30.344 Thread 0x000001c67f8d89b0 flushing  nmethod 0x000001c60a7ea910
Event: 30.344 Thread 0x000001c67f8d89b0 flushing  nmethod 0x000001c60a7eb610
Event: 30.344 Thread 0x000001c67f8d89b0 flushing  nmethod 0x000001c60a7eca90
Event: 30.344 Thread 0x000001c67f8d89b0 flushing  nmethod 0x000001c60a7ee510

Events (20 events):
Event: 24.538 Thread 0x000001c66c4874a0 Thread added: 0x000001c6643f4270
Event: 24.538 Thread 0x000001c66c4874a0 Thread added: 0x000001c66130d360
Event: 24.674 Thread 0x000001c6643f4270 Thread added: 0x000001c66c48afb0
Event: 24.875 Thread 0x000001c66c483300 Thread added: 0x000001c66c48b640
Event: 24.878 Thread 0x000001c66c483300 Thread added: 0x000001c66c48a920
Event: 24.904 Thread 0x000001c66c483300 Thread added: 0x000001c66c48bcd0
Event: 24.945 Thread 0x000001c66c483300 Thread added: 0x000001c66c48c360
Event: 25.388 Thread 0x000001c66c483300 Thread added: 0x000001c66c489570
Event: 25.389 Thread 0x000001c66c483300 Thread added: 0x000001c66c48dda0
Event: 25.389 Thread 0x000001c66c48d710 Thread added: 0x000001c66c48fe70
Event: 25.558 Thread 0x000001c66c48dda0 Thread added: 0x000001c66c48e430
Event: 25.570 Thread 0x000001c66c48e430 Thread added: 0x000001c66c48f7e0
Event: 25.571 Thread 0x000001c66c489570 Thread added: 0x000001c66c48f150
Event: 25.965 Thread 0x000001c66c48a920 Thread exited: 0x000001c66c48a920
Event: 25.969 Thread 0x000001c66c48c360 Thread exited: 0x000001c66c48c360
Event: 26.871 Thread 0x000001c6626cc890 Thread added: 0x000001c66dc3b480
Event: 26.933 Thread 0x000001c66c488ee0 Thread added: 0x000001c66dc3bb10
Event: 26.933 Thread 0x000001c66c488ee0 Thread added: 0x000001c66dc3c1a0
Event: 27.786 Thread 0x000001c66dc3bb10 Thread exited: 0x000001c66dc3bb10
Event: 27.790 Thread 0x000001c66dc3c1a0 Thread exited: 0x000001c66dc3c1a0


Dynamic libraries:
0x00007ff6ae8e0000 - 0x00007ff6ae8ee000 	C:\Users\vicky\.jdks\temurin-21.0.9\bin\java.exe
0x00007fffa39a0000 - 0x00007fffa3c07000 	C:\WINDOWS\SYSTEM32\ntdll.dll
0x00007fffa2600000 - 0x00007fffa26c9000 	C:\WINDOWS\System32\KERNEL32.DLL
0x00007fffa0cd0000 - 0x00007fffa10bf000 	C:\WINDOWS\System32\KERNELBASE.dll
0x00007fffa15f0000 - 0x00007fffa173b000 	C:\WINDOWS\System32\ucrtbase.dll
0x00007fff7a450000 - 0x00007fff7a468000 	C:\Users\vicky\.jdks\temurin-21.0.9\bin\jli.dll
0x00007fff7c0a0000 - 0x00007fff7c0be000 	C:\Users\vicky\.jdks\temurin-21.0.9\bin\VCRUNTIME140.dll
0x00007fffa26d0000 - 0x00007fffa2895000 	C:\WINDOWS\System32\USER32.dll
0x00007fffa12d0000 - 0x00007fffa12f7000 	C:\WINDOWS\System32\win32u.dll
0x00007fff81310000 - 0x00007fff815a3000 	C:\WINDOWS\WinSxS\amd64_microsoft.windows.common-controls_6595b64144ccf1df_6.0.26100.7309_none_3e05feeae336a044\COMCTL32.dll
0x00007fffa3440000 - 0x00007fffa346b000 	C:\WINDOWS\System32\GDI32.dll
0x00007fffa2a00000 - 0x00007fffa2aa9000 	C:\WINDOWS\System32\msvcrt.dll
0x00007fffa0af0000 - 0x00007fffa0c1c000 	C:\WINDOWS\System32\gdi32full.dll
0x00007fffa0c20000 - 0x00007fffa0cc3000 	C:\WINDOWS\System32\msvcp_win.dll
0x00007fffa25c0000 - 0x00007fffa25f1000 	C:\WINDOWS\System32\IMM32.DLL
0x00007fff81730000 - 0x00007fff8173c000 	C:\Users\vicky\.jdks\temurin-21.0.9\bin\vcruntime140_1.dll
0x00007fff49e00000 - 0x00007fff49e8d000 	C:\Users\vicky\.jdks\temurin-21.0.9\bin\msvcp140.dll
0x00007ffef0bd0000 - 0x00007ffef1970000 	C:\Users\vicky\.jdks\temurin-21.0.9\bin\server\jvm.dll
0x00007fffa2d90000 - 0x00007fffa2e44000 	C:\WINDOWS\System32\ADVAPI32.dll
0x00007fffa1db0000 - 0x00007fffa1e56000 	C:\WINDOWS\System32\sechost.dll
0x00007fffa1a20000 - 0x00007fffa1b38000 	C:\WINDOWS\System32\RPCRT4.dll
0x00007fffa17e0000 - 0x00007fffa1854000 	C:\WINDOWS\System32\WS2_32.dll
0x00007fffa07a0000 - 0x00007fffa07fe000 	C:\WINDOWS\SYSTEM32\POWRPROF.dll
0x00007fff98bd0000 - 0x00007fff98c05000 	C:\WINDOWS\SYSTEM32\WINMM.dll
0x00007fff96f20000 - 0x00007fff96f2b000 	C:\WINDOWS\SYSTEM32\VERSION.dll
0x00007fffa0780000 - 0x00007fffa0794000 	C:\WINDOWS\SYSTEM32\UMPDC.dll
0x00007fff9f8a0000 - 0x00007fff9f8bb000 	C:\WINDOWS\SYSTEM32\kernel.appcore.dll
0x00007fff80150000 - 0x00007fff8015a000 	C:\Users\vicky\.jdks\temurin-21.0.9\bin\jimage.dll
0x00007fff9e250000 - 0x00007fff9e492000 	C:\WINDOWS\SYSTEM32\DBGHELP.DLL
0x00007fffa2ed0000 - 0x00007fffa3256000 	C:\WINDOWS\System32\combase.dll
0x00007fffa28a0000 - 0x00007fffa2976000 	C:\WINDOWS\System32\OLEAUT32.dll
0x00007fff560b0000 - 0x00007fff560ec000 	C:\WINDOWS\SYSTEM32\dbgcore.DLL
0x00007fffa13c0000 - 0x00007fffa1465000 	C:\WINDOWS\System32\bcryptPrimitives.dll
0x00007fff7f430000 - 0x00007fff7f43f000 	C:\Users\vicky\.jdks\temurin-21.0.9\bin\instrument.dll
0x00007fff66b90000 - 0x00007fff66bb0000 	C:\Users\vicky\.jdks\temurin-21.0.9\bin\java.dll
0x00007fffa1e60000 - 0x00007fffa25b3000 	C:\WINDOWS\System32\SHELL32.dll
0x00007fffa1160000 - 0x00007fffa12ca000 	C:\WINDOWS\System32\wintypes.dll
0x00007fff9e730000 - 0x00007fff9ef8e000 	C:\WINDOWS\SYSTEM32\windows.storage.dll
0x00007fffa3280000 - 0x00007fffa3375000 	C:\WINDOWS\System32\SHCORE.dll
0x00007fffa2d20000 - 0x00007fffa2d86000 	C:\WINDOWS\System32\shlwapi.dll
0x00007fffa0a10000 - 0x00007fffa0a39000 	C:\WINDOWS\SYSTEM32\profapi.dll
0x00007fff32740000 - 0x00007fff32817000 	C:\Users\vicky\.jdks\temurin-21.0.9\bin\jsvml.dll
0x00007fff662e0000 - 0x00007fff662f8000 	C:\Users\vicky\.jdks\temurin-21.0.9\bin\zip.dll
0x00007fff7f0b0000 - 0x00007fff7f0c0000 	C:\Users\vicky\.jdks\temurin-21.0.9\bin\net.dll
0x00007fff97710000 - 0x00007fff97838000 	C:\WINDOWS\SYSTEM32\WINHTTP.dll
0x00007fff9fe10000 - 0x00007fff9fe7b000 	C:\WINDOWS\system32\mswsock.dll
0x00007fff5f130000 - 0x00007fff5f146000 	C:\Users\vicky\.jdks\temurin-21.0.9\bin\nio.dll
0x00007fff7c190000 - 0x00007fff7c1a0000 	C:\Users\vicky\.jdks\temurin-21.0.9\bin\verify.dll
0x00007fff5c9f0000 - 0x00007fff5ca17000 	C:\Users\vicky\.gradle\native\1def1411415f61bf3af743bc5b6707747c0891f09f0c88961ee8f79bc544acac\windows-amd64\native-platform.dll
0x00007fff3d510000 - 0x00007fff3d588000 	C:\Users\vicky\.gradle\native\0.2.7\x86_64-windows-gnu\gradle-fileevents.dll
0x00007fff7afc0000 - 0x00007fff7afca000 	C:\Users\vicky\.jdks\temurin-21.0.9\bin\management.dll
0x00007fff7af40000 - 0x00007fff7af4c000 	C:\Users\vicky\.jdks\temurin-21.0.9\bin\management_ext.dll
0x00007fffa1da0000 - 0x00007fffa1da8000 	C:\WINDOWS\System32\PSAPI.DLL
0x00007fff9f2b0000 - 0x00007fff9f2e4000 	C:\WINDOWS\SYSTEM32\IPHLPAPI.DLL
0x00007fffa3270000 - 0x00007fffa327a000 	C:\WINDOWS\System32\NSI.dll
0x00007fff7af20000 - 0x00007fff7af29000 	C:\Users\vicky\.jdks\temurin-21.0.9\bin\extnet.dll
0x00007fffa00d0000 - 0x00007fffa00eb000 	C:\WINDOWS\SYSTEM32\CRYPTSP.dll
0x00007fff9f800000 - 0x00007fff9f83a000 	C:\WINDOWS\system32\rsaenh.dll
0x00007fff9fec0000 - 0x00007fff9feeb000 	C:\WINDOWS\SYSTEM32\USERENV.dll
0x00007fffa09e0000 - 0x00007fffa0a0a000 	C:\WINDOWS\SYSTEM32\bcrypt.dll
0x00007fffa00f0000 - 0x00007fffa00fc000 	C:\WINDOWS\SYSTEM32\CRYPTBASE.dll
0x00007fff7aa90000 - 0x00007fff7aa9e000 	C:\Users\vicky\.jdks\temurin-21.0.9\bin\sunmscapi.dll
0x00007fffa1470000 - 0x00007fffa15e7000 	C:\WINDOWS\System32\CRYPT32.dll
0x00007fffa02f0000 - 0x00007fffa0320000 	C:\WINDOWS\SYSTEM32\ncrypt.dll
0x00007fffa02a0000 - 0x00007fffa02df000 	C:\WINDOWS\SYSTEM32\NTASN1.dll
0x00007fff99a30000 - 0x00007fff99a38000 	C:\WINDOWS\system32\wshunix.dll
0x00007fff7a340000 - 0x00007fff7a347000 	C:\Users\vicky\.jdks\temurin-21.0.9\bin\rmi.dll
0x00007fff27e20000 - 0x00007fff27faf000 	C:\Users\vicky\.jdks\temurin-21.0.9\bin\awt.dll
0x00007fff9d3b0000 - 0x00007fff9d44f000 	C:\WINDOWS\SYSTEM32\apphelp.dll
0x00007fff9d980000 - 0x00007fff9da2b000 	C:\WINDOWS\system32\uxtheme.dll
0x00007fffa2ab0000 - 0x00007fffa2c0e000 	C:\WINDOWS\System32\MSCTF.dll
0x00007fffa1860000 - 0x00007fffa19f7000 	C:\WINDOWS\System32\ole32.dll

JVMTI agents:
C:\Users\vicky\.gradle\wrapper\dists\gradle-8.14.3-all\10utluxaxniiv4wxiphsi49nj\gradle-8.14.3\lib\agents\gradle-instrumentation-agent-8.14.3.jar path:C:\Users\vicky\.jdks\temurin-21.0.9\bin\instrument.dll, loaded, initialized, instrumentlib options:none

dbghelp: loaded successfully - version: 4.0.5 - missing functions: none
symbol engine: initialized successfully - sym options: 0x614 - pdb path: .;C:\Users\vicky\.jdks\temurin-21.0.9\bin;C:\WINDOWS\SYSTEM32;C:\WINDOWS\WinSxS\amd64_microsoft.windows.common-controls_6595b64144ccf1df_6.0.26100.7309_none_3e05feeae336a044;C:\Users\vicky\.jdks\temurin-21.0.9\bin\server;C:\Users\vicky\.gradle\native\1def1411415f61bf3af743bc5b6707747c0891f09f0c88961ee8f79bc544acac\windows-amd64;C:\Users\vicky\.gradle\native\0.2.7\x86_64-windows-gnu

VM Arguments:
jvm_args: --add-opens=java.base/java.lang=ALL-UNNAMED --add-opens=java.base/java.lang.invoke=ALL-UNNAMED --add-opens=java.base/java.util=ALL-UNNAMED --add-opens=java.prefs/java.util.prefs=ALL-UNNAMED --add-exports=jdk.compiler/com.sun.tools.javac.api=ALL-UNNAMED --add-exports=jdk.compiler/com.sun.tools.javac.util=ALL-UNNAMED --add-opens=java.base/java.util=ALL-UNNAMED --add-opens=java.prefs/java.util.prefs=ALL-UNNAMED --add-opens=java.base/java.nio.charset=ALL-UNNAMED --add-opens=java.base/java.net=ALL-UNNAMED --add-opens=java.base/java.util.concurrent.atomic=ALL-UNNAMED --add-opens=java.xml/javax.xml.namespace=ALL-UNNAMED -Xmx1536m -Dfile.encoding=UTF-8 -Duser.country=IN -Duser.language=en -Duser.variant -javaagent:C:\Users\vicky\.gradle\wrapper\dists\gradle-8.14.3-all\10utluxaxniiv4wxiphsi49nj\gradle-8.14.3\lib\agents\gradle-instrumentation-agent-8.14.3.jar 
java_command: org.gradle.launcher.daemon.bootstrap.GradleDaemon 8.14.3
java_class_path (initial): C:\Users\vicky\.gradle\wrapper\dists\gradle-8.14.3-all\10utluxaxniiv4wxiphsi49nj\gradle-8.14.3\lib\gradle-daemon-main-8.14.3.jar
Launcher Type: SUN_STANDARD

[Global flags]
     intx CICompilerCount                          = 4                                         {product} {ergonomic}
     uint ConcGCThreads                            = 3                                         {product} {ergonomic}
     uint G1ConcRefinementThreads                  = 10                                        {product} {ergonomic}
   size_t G1HeapRegionSize                         = 1048576                                   {product} {ergonomic}
    uintx GCDrainStackTargetSize                   = 64                                        {product} {ergonomic}
   size_t InitialHeapSize                          = 268435456                                 {product} {ergonomic}
   size_t MarkStackSize                            = 4194304                                   {product} {ergonomic}
   size_t MaxHeapSize                              = 1610612736                                {product} {command line}
   size_t MaxNewSize                               = 965738496                                 {product} {ergonomic}
   size_t MinHeapDeltaBytes                        = 1048576                                   {product} {ergonomic}
   size_t MinHeapSize                              = 8388608                                   {product} {ergonomic}
    uintx NonNMethodCodeHeapSize                   = 5839372                                {pd product} {ergonomic}
    uintx NonProfiledCodeHeapSize                  = 122909434                              {pd product} {ergonomic}
    uintx ProfiledCodeHeapSize                     = 122909434                              {pd product} {ergonomic}
    uintx ReservedCodeCacheSize                    = 251658240                              {pd product} {ergonomic}
     bool SegmentedCodeCache                       = true                                      {product} {ergonomic}
   size_t SoftMaxHeapSize                          = 1610612736                             {manageable} {ergonomic}
     bool UseCompressedOops                        = true                           {product lp64_product} {ergonomic}
     bool UseG1GC                                  = true                                      {product} {ergonomic}
     bool UseLargePagesIndividualAllocation        = false                                  {pd product} {ergonomic}

Logging:
Log output configuration:
 #0: stdout all=warning uptime,level,tags foldmultilines=false
 #1: stderr all=off uptime,level,tags foldmultilines=false

Release file:
IMPLEMENTOR="Eclipse Adoptium" 
IMPLEMENTOR_VERSION="Temurin-21.0.9+10" 
JAVA_RUNTIME_VERSION="21.0.9+10-LTS" 
JAVA_VERSION="21.0.9" 
JAVA_VERSION_DATE="2025-10-21" 
LIBC="default" 
MODULES="java.base java.compiler java.datatransfer java.xml java.prefs java.desktop java.instrument java.logging java.management java.security.sasl java.naming java.rmi java.management.rmi java.net.http java.scripting java.security.jgss java.transaction.xa java.sql java.sql.rowset java.xml.crypto java.se java.smartcardio jdk.accessibility jdk.internal.jvmstat jdk.attach jdk.charsets jdk.internal.opt jdk.zipfs jdk.compiler jdk.crypto.ec jdk.crypto.cryptoki jdk.crypto.mscapi jdk.dynalink jdk.internal.ed jdk.editpad jdk.hotspot.agent jdk.httpserver jdk.incubator.vector jdk.internal.le jdk.internal.vm.ci jdk.internal.vm.compiler jdk.internal.vm.compiler.management jdk.jartool jdk.javadoc jdk.jcmd jdk.management jdk.management.agent jdk.jconsole jdk.jdeps jdk.jdwp.agent jdk.jdi jdk.jfr jdk.jlink jdk.jpackage jdk.jshell jdk.jsobject jdk.jstatd jdk.localedata jdk.management.jfr jdk.naming.dns jdk.naming.rmi jdk.net jdk.nio.mapmode jdk.random jdk.sctp jdk.security.auth jdk.security.jgss jdk.unsupported jdk.unsupported.desktop jdk.xml.dom" 
OS_ARCH="x86_64" 
OS_NAME="Windows" 
SOURCE=".:git:759062135b07" 
BUILD_SOURCE="git:839fa0b45d809157cffd3dc8515aad262a4a1776"
BUILD_SOURCE_REPO="https://github.com/adoptium/temurin-build.git"
SOURCE_REPO="https://github.com/adoptium/jdk21u.git"
FULL_VERSION="21.0.9+10-LTS"
SEMANTIC_VERSION="21.0.9+10"
BUILD_INFO="OS: Windows Server 2022 Version: 10.0"
JVM_VARIANT="Hotspot"
JVM_VERSION="21.0.9+10-LTS"
IMAGE_TYPE="JDK"

Environment Variables:
PATH=C:\Users\vicky\Mock Projects\habitTracker\node_modules\.bin;C:\Users\vicky\Mock Projects\habitTracker\node_modules\.bin;C:\Users\vicky\Mock Projects\node_modules\.bin;C:\Users\vicky\node_modules\.bin;C:\Users\node_modules\.bin;C:\node_modules\.bin;C:\Users\vicky\AppData\Local\nvm\v24.4.1\node_modules\npm\node_modules\@npmcli\run-script\lib\node-gyp-bin;C:\Users\vicky\Mock Projects\habitTracker\node_modules\.bin;C:\Users\vicky\Mock Projects\node_modules\.bin;C:\Users\vicky\node_modules\.bin;C:\Users\node_modules\.bin;C:\node_modules\.bin;C:\Users\vicky\AppData\Local\nvm\v24.4.1\node_modules\npm\node_modules\@npmcli\run-script\lib\node-gyp-bin;c:\Users\vicky\AppData\Roaming\Code\User\globalStorage\github.copilot-chat\debugCommand;c:\Users\vicky\AppData\Roaming\Code\User\globalStorage\github.copilot-chat\copilotCli;C:\Program Files (x86)\Common Files\Intel\Shared Libraries\redist\intel64\compiler;C:\Windows\system32;C:\Windows;C:\Windows\System32\Wbem;C:\Windows\System32\WindowsPowerShell\v1.0\;C:\Windows\System32\OpenSSH\;C:\Program Files (x86)\NVIDIA Corporation\PhysX\Common;C:\Program Files\NVIDIA Corporation\NVIDIA NvDLISR;C:\Program Files\Java\jdk1.8.0_291\bin;C:\Program Files\Maven\apache-maven-3.8.1\bin;C:\Program Files (x86)\Common Files\Oracle\Java\javapath;C:\Program Files\dotnet\;C:\Program Files\Microsoft SQL Server\130\Tools\Binn\;C:\Program Files\Microsoft SQL Server\Client SDK\ODBC\170\Tools\Binn\;C:\Program Files\Git\cmd;C:\WINDOWS\system32;C:\WINDOWS;C:\WINDOWS\System32\Wbem;C:\WINDOWS\System32\WindowsPowerShell\v1.0\;C:\WINDOWS\System32\OpenSSH\;C:\Users\vicky\AppData\Local\Packages\PythonSoftwareFoundation.Python.3.12_qbz5n2kfra8p0\LocalCache\local-packages\Python312\Scripts;C:\Program Files\ffmpeg_7p1_Full\bin;C:\Users\vicky\AppData\Local\nvm;C:\nvm4w\nodejs;C:\Users\vicky\AppData\Local\Microsoft\WindowsApps;C:\Program Files\Java\jdk1.8.0_291\bin;C:\Users\vicky\AppData\Local\Programs\Microsoft VS Code\bin;C:\Program Files\Maven\apache-maven-3.8.1\bin;C:\Users\vicky\.dotnet\tools;C:\Users\vicky\AppData\Local\Android\Sdk\platform-tools;C:\Users\vicky\AppData\Roaming\npm;C:\Users\vicky\AppData\Local\nvm;C:\nvm4w\nodejs;C:\Program Files\nodejs\;
USERNAME=vicky
LANG=en_US.UTF-8
OS=Windows_NT
PROCESSOR_IDENTIFIER=Intel64 Family 6 Model 158 Stepping 13, GenuineIntel
TMP=C:\Users\vicky\AppData\Local\Temp
TEMP=C:\Users\vicky\AppData\Local\Temp




Periodic native trim disabled

---------------  S Y S T E M  ---------------

OS:
 Windows 11 , 64 bit Build 26100 (10.0.26100.7623)
OS uptime: 13 days 13:07 hours

CPU: total 12 (initial active 12) (6 cores per cpu, 2 threads per core) family 6 model 158 stepping 13 microcode 0xec, cx8, cmov, fxsr, ht, mmx, 3dnowpref, sse, sse2, sse3, ssse3, sse4.1, sse4.2, popcnt, lzcnt, tsc, tscinvbit, avx, avx2, aes, erms, clmul, bmi1, bmi2, adx, fma, vzeroupper, clflush, clflushopt, rdtscp, f16c
Processor Information for the first 12 processors :
  Max Mhz: 2592, Current Mhz: 2592, Mhz Limit: 2592

Memory: 4k page, system-wide physical 16295M (1114M free)
TotalPageFile size 46660M (AvailPageFile size 4M)
current process WorkingSet (physical memory assigned to process): 1055M, peak: 1059M
current process commit charge ("private bytes"): 1104M, peak: 1109M

vm_info: OpenJDK 64-Bit Server VM (21.0.9+10-LTS) for windows-amd64 JRE (21.0.9+10-LTS), built on 2025-10-21T00:00:00Z by "admin" with unknown MS VC++:1942

END.
